GENE	TYPE	SAMPLE_IMPACT	DATA_SET_IMPACT	DRIVER_FREQUENCY	MUTATION_FREQUENCY	CANCER_CENSUS	PAN_CANCER
COL4A3	MUT	529.534	1.614	0.003	0.003	NA	NA
EGFR	AMPL	529.534	212.175	0.393	0.393	NA	NA
PPARA	MUT	529.534	3.738	0.009	0.009	NA	NA
HCK	MUT	529.534	8.380	0.015	0.015	NA	NA
PRKY	DEL	529.534	74.809	0.174	0.195	NA	NA
GRM3	MUT	529.534	4.857	0.018	0.030	NA	NA
HLA-DRB1	AMPL	529.534	79.274	0.171	0.189	NA	NA
RASGRF2	MUT	529.534	9.839	0.009	0.009	NA	NA
TCF12	MUT	529.534	1.614	0.003	0.012	NA	NA
S100A8	MUT	529.534	3.569	0.006	0.009	NA	NA
SEC61G	AMPL	10.678	13.748	0.122	0.317	NA	NA
PCDH11Y	DEL	9.104	29.231	0.189	0.198	NA	NA
WDR5B	AMPL	3.040	0.009	0.003	0.003	NA	NA
