SAMPLE_ID	DRIVER	IMPACT_SCORE	IS_DEREGULATED	MODULE_SIZE	NUM_DRIVERS
0	CDKN2A	590.201	0	150	5
0	CDKN2B	590.201	0	150	5
0	NF1	590.201	0	150	5
0	PTEN	590.201	0	150	5
0	TP53	590.201	0	150	5
1	AKAP6	1069.999	0	281	11
1	CDK4	1069.999	1	281	11
1	EGFR	1069.999	0	281	11
1	PIK3R1	1069.999	1	281	11
1	TP53	1069.999	0	281	11
1	HLA-DRB1	1069.999	1	281	11
1	DCTN2	1069.999	0	281	11
1	GLI1	1069.999	0	281	11
1	MAPK8IP3	1069.999	0	281	11
1	DDIT3	1069.999	0	281	11
1	ARHGAP9	1069.999	0	281	11
2	ACTB	1122.232	0	294	20
2	CD3G	1122.232	0	294	20
2	IGFBP3	1122.232	0	294	20
2	AMPH	1122.232	1	294	20
2	CAMK2B	1122.232	1	294	20
2	EGFR	1122.232	0	294	20
2	GLI3	1122.232	0	294	20
2	HNRNPA2B1	1122.232	0	294	20
2	ITGB8	1122.232	0	294	20
2	PIK3C2B	1122.232	0	294	20
2	PPIA	1122.232	0	294	20
2	PRKAR1B	1122.232	0	294	20
2	PSMA2	1122.232	0	294	20
2	PTEN	1122.232	0	294	20
2	RAC1	1122.232	0	294	20
2	RB1	1122.232	0	294	20
2	ADCY1	1122.232	0	294	20
2	ADCYAP1R1	1122.232	0	294	20
2	TWIST1	1122.232	0	294	20
2	IKZF1	1122.232	0	294	20
2	AQP1	3.948	0	2	1
2	PMS2	4.693	0	2	1
2	TAX1BP1	2.545	0	2	1
3	CD3G	825.608	0	212	5
3	FLI1	825.608	0	212	5
3	CDKN2A	825.608	0	212	5
3	CDKN2B	825.608	0	212	5
3	PCDHA8	825.608	0	212	5
3	ELAVL2	5.598	0	2	1
4	ADAM12	750.720	0	204	17
4	CFTR	750.720	0	204	17
4	EGFR	750.720	0	204	17
4	FN1	750.720	0	204	17
4	ITGB3	750.720	0	204	17
4	NF1	750.720	0	204	17
4	TP53	750.720	0	204	17
4	DOCK1	750.720	0	204	17
4	MET	750.720	0	204	17
4	CDKN2A	750.720	0	204	17
4	ASPM	750.720	1	204	17
4	ATR	750.720	0	204	17
4	PCDHA10	750.720	0	204	17
4	ING3	750.720	0	204	17
4	TSC2	750.720	0	204	17
4	MSH6	750.720	0	204	17
4	ATM	750.720	0	204	17
4	HLA-DRB1	16.431	0	4	1
5	TP53	1243.573	1	316	1
6	CDKN2A	333.536	0	94	9
6	CLOCK	333.536	0	94	9
6	MAPK9	333.536	0	94	9
6	MLH1	333.536	0	94	9
6	NTRK1	333.536	0	94	9
6	ROCK2	333.536	0	94	9
6	PTEN	333.536	0	94	9
6	CDKN2B	333.536	0	94	9
6	CEP135	333.536	1	94	9
6	FGFR2	13.690	0	6	2
6	KIT	13.690	0	6	2
6	ITGB2	5.913	0	4	2
6	SDC1	5.913	0	4	2
6	KDR	3.995	0	2	1
6	PCDH11Y	10.978	0	4	1
7	ANK2	434.219	0	129	14
7	COL1A1	434.219	0	129	14
7	COL6A2	434.219	1	129	14
7	CTNNB1	434.219	0	129	14
7	FGFR1	434.219	0	129	14
7	ITGB3	434.219	0	129	14
7	PTEN	434.219	0	129	14
7	CDKN2A	434.219	0	129	14
7	CDH23	434.219	0	129	14
7	CDKN2B	434.219	0	129	14
7	MLLT4	434.219	0	129	14
7	MET	434.219	0	129	14
7	VLDLR	434.219	0	129	14
7	APC	434.219	0	129	14
8	CDKN2A	2.989	0	2	1
8	EGFR	127.077	1	36	2
8	FLNC	127.077	0	36	2
8	SFI1	11.500	0	4	1
9	EGFR	851.589	0	212	3
9	PIK3R1	851.589	1	212	3
9	PTEN	851.589	0	212	3
10	CDKN2A	2.962	0	2	1
10	EGFR	85.669	1	24	1
11	CDKN2A	808.924	0	206	7
11	CFTR	808.924	0	206	7
11	KDR	808.924	0	206	7
11	TP53	808.924	0	206	7
11	CLOCK	808.924	0	206	7
11	ING3	808.924	0	206	7
11	KIT	808.924	1	206	7
12	PCDH11Y	26.555	0	8	1
12	PRKY	403.452	0	104	4
12	TP53	403.452	0	104	4
12	PSMD13	403.452	0	104	4
12	TBL1Y	403.452	0	104	4
13	TP53	223.933	0	63	1
14	CDKN2A	482.771	0	119	2
14	PTEN	482.771	0	119	2
15	ANK1	842.827	0	223	10
15	COL6A2	842.827	0	223	10
15	EP300	842.827	0	223	10
15	HLA-DRB1	842.827	1	223	10
15	MAPK9	842.827	0	223	10
15	PIK3R1	842.827	0	223	10
15	SMAD4	842.827	0	223	10
15	TEK	842.827	0	223	10
15	NF1	842.827	0	223	10
15	FGFR4	842.827	0	223	10
15	KCNG1	6.273	0	3	1
15	KCNJ16	6.808	1	2	1
16	CDKN1B	738.830	0	192	6
16	IRS1	738.830	0	192	6
16	PIK3CA	738.830	0	192	6
16	RB1	738.830	0	192	6
16	TP53	738.830	0	192	6
16	FGFR2	738.830	0	192	6
16	ITGA7	23.178	0	7	1
17	HLA-DRB1	576.338	0	159	3
17	PRKY	576.338	0	159	3
17	TP53	576.338	0	159	3
17	PCDH11Y	25.816	0	7	1
17	TBL1Y	6.178	0	3	1
18	EGFR	925.796	0	230	4
18	HLA-DRB1	925.796	1	230	4
18	PPYR1	925.796	0	230	4
18	PTEN	925.796	1	230	4
19	CD3G	19.151	0	7	1
19	CDKN2A	772.466	0	194	7
19	CHEK1	772.466	0	194	7
19	COL1A1	772.466	1	194	7
19	EGFR	772.466	0	194	7
19	PIK3C2B	772.466	0	194	7
19	POU2F1	772.466	0	194	7
19	NTRK3	772.466	1	194	7
20	CD3G	735.588	0	188	7
20	CDK4	735.588	1	188	7
20	EGFR	735.588	0	188	7
20	PRKY	735.588	0	188	7
20	TP53	735.588	0	188	7
20	PCDH11Y	735.588	0	188	7
20	TBL1Y	735.588	0	188	7
21	CELSR1	38.603	0	12	2
21	PCDHGC5	38.603	0	12	2
21	CREBBP	748.241	0	193	6
21	LAMA2	748.241	0	193	6
21	PDGFRA	748.241	1	193	6
21	PIK3CA	748.241	0	193	6
21	PLG	748.241	0	193	6
21	RYR2	748.241	0	193	6
22	CDK6	291.220	0	89	6
22	CDKN2A	291.220	0	89	6
22	PIK3R1	291.220	0	89	6
22	TP53	291.220	0	89	6
22	PCDH11Y	291.220	0	89	6
22	FLT1	291.220	0	89	6
22	PRKY	8.924	0	4	1
23	MDM2	593.891	0	150	3
23	PTEN	593.891	0	150	3
23	RB1	593.891	0	150	3
24	CD3G	29.722	0	9	1
24	EGFR	503.178	0	127	2
24	TP53	503.178	0	127	2
26	TP53	523.847	0	128	1
27	ADCY6	1226.786	0	333	19
27	CDK4	1226.786	0	333	19
27	COL2A1	1226.786	0	333	19
27	ERBB3	1226.786	0	333	19
27	FGFR1	1226.786	0	333	19
27	FRS2	1226.786	0	333	19
27	GLI1	1226.786	0	333	19
27	IFNG	1226.786	0	333	19
27	ITGA7	1226.786	0	333	19
27	LRP1	1226.786	0	333	19
27	PTPRB	1226.786	1	333	19
27	RAB3IP	1226.786	0	333	19
27	STAT6	1226.786	0	333	19
27	DCTN2	1226.786	0	333	19
27	MDM2	1226.786	0	333	19
27	SMARCC2	1226.786	0	333	19
27	CNOT2	1226.786	0	333	19
27	CCT2	1226.786	0	333	19
27	CACNB3	1226.786	0	333	19
27	KCNC2	3.167	0	2	1
28	ANK2	119.019	0	28	2
28	CDKN2A	119.019	0	28	2
29	PIK3R1	299.626	0	76	1
30	BMI1	333.305	0	94	9
30	ERBB2	333.305	0	94	9
30	ITGB1	333.305	0	94	9
30	PPP2R5D	333.305	0	94	9
30	PRKCQ	333.305	0	94	9
30	CEP135	333.305	1	94	9
30	ITGA8	333.305	0	94	9
30	KDR	333.305	0	94	9
30	KIT	333.305	0	94	9
30	CUGBP2	5.045	0	2	1
30	EPC1	4.097	0	2	1
30	PCDH9	18.669	1	6	1
31	HSPA8	5.653	0	3	1
31	PCDH11Y	7.278	0	3	1
31	PRKY	10.193	0	4	1
32	CACNA1H	411.633	0	117	8
32	CDKN2A	411.633	0	117	8
32	CNTN2	411.633	0	117	8
32	MDM2	411.633	1	117	8
32	MDM4	411.633	1	117	8
32	RABIF	411.633	0	117	8
32	MYOG	411.633	0	117	8
32	PIK3C2B	411.633	0	117	8
32	TEK	5.993	0	3	1
33	CDK4	438.646	1	121	4
33	PIK3R1	438.646	0	121	4
33	TP53	438.646	0	121	4
33	KIT	438.646	1	121	4
33	HLA-A	9.862	0	4	1
34	HLA-DRB1	460.934	1	130	4
34	TP53	460.934	0	130	4
34	PRKY	460.934	0	130	4
34	PTEN	460.934	0	130	4
34	PCDH11Y	12.411	0	4	1
35	BMPR1B	9.217	0	4	1
35	CDH20	11.136	0	4	1
35	HLA-DRB1	32.011	1	9	1
35	LEF1	2.630	0	2	1
35	PTEN	14.375	0	5	1
36	ERBB2	61.927	0	21	2
36	TP53	61.927	0	21	2
37	ANK1	6.610	0	3	1
37	BCR	498.158	0	160	18
37	CBL	498.158	0	160	18
37	ERBB3	498.158	1	160	18
37	NOS3	498.158	0	160	18
37	TP53	498.158	0	160	18
37	CDKN2A	498.158	0	160	18
37	MAPK13	498.158	0	160	18
37	PGR	498.158	0	160	18
37	ITGB3	498.158	0	160	18
37	COL1A1	498.158	0	160	18
37	COL6A2	498.158	0	160	18
37	FN1	498.158	0	160	18
37	LYN	498.158	1	160	18
37	MLH1	498.158	0	160	18
37	PRKCA	498.158	0	160	18
37	KIT	498.158	0	160	18
37	PDGFRB	498.158	0	160	18
37	GLI3	498.158	0	160	18
37	PCDH24	6.255	0	3	1
38	CHL1	5.879	1	2	1
38	TP53	94.693	0	28	1
39	HLA-DRB1	185.434	1	48	1
40	CDKN2A	47.392	0	16	1
41	CDKN2A	301.951	0	95	5
41	EGFR	301.951	1	95	5
41	ERBB2	301.951	0	95	5
41	TP53	301.951	0	95	5
41	PIK3R1	301.951	0	95	5
42	BCAR1	539.182	0	153	9
42	CDK4	539.182	1	153	9
42	IFNG	539.182	0	153	9
42	PTEN	539.182	0	153	9
42	DCTN2	539.182	1	153	9
42	RPN1	539.182	1	153	9
42	NBN	539.182	0	153	9
42	HLA-DRB1	539.182	0	153	9
42	CCT2	539.182	0	153	9
43	BCR	80.007	0	28	3
43	CDK4	80.007	1	28	3
43	CD3G	80.007	0	28	3
43	CCT2	17.780	1	5	1
43	FRS2	196.220	1	50	3
43	RAB3IP	196.220	0	50	3
43	PTPRB	196.220	0	50	3
44	GPSM1	12.783	0	4	1
44	HLA-DRB1	11.745	0	5	1
45	ERBB2	283.916	0	71	1
45	PRKDC	3.082	0	2	1
46	ERBB2	170.936	0	48	2
46	PTEN	170.936	0	48	2
46	HLA-DRB1	31.407	0	10	1
46	PRKDC	13.385	0	5	1
47	ATM	463.700	0	134	16
47	CDKN2A	463.700	0	134	16
47	CHL1	463.700	1	134	16
47	MET	463.700	0	134	16
47	NOS3	463.700	0	134	16
47	PIK3CG	463.700	0	134	16
47	PIK3R1	463.700	0	134	16
47	TP53	463.700	1	134	16
47	VAV2	463.700	0	134	16
47	EP300	463.700	0	134	16
47	PRKDC	463.700	0	134	16
47	FLI1	463.700	0	134	16
47	FBLN1	463.700	0	134	16
47	FN1	463.700	0	134	16
47	FGFR4	463.700	0	134	16
47	PDGFRB	463.700	0	134	16
48	CDKN2A	2.626	0	2	1
48	ERBB2	125.024	0	37	1
49	CDKN2A	20.524	0	8	2
49	MELK	20.524	1	8	2
49	PTEN	7.489	0	3	1
50	APOB	2.765	0	2	1
50	ATRX	360.581	0	103	4
50	CDKN2A	360.581	0	103	4
50	PIK3CD	360.581	1	103	4
50	TP53	360.581	1	103	4
50	PCDH11Y	12.106	0	5	1
50	PRKY	3.180	0	2	1
50	RALGDS	2.630	0	2	1
50	TRPV6	2.684	0	2	1
50	ZNF569	28.349	0	11	1
51	CDK4	606.964	1	185	10
51	EGFR	606.964	1	185	10
51	IKZF1	606.964	0	185	10
51	PIK3CA	606.964	0	185	10
51	TP53	606.964	1	185	10
51	ITGAM	606.964	0	185	10
51	DCTN2	606.964	0	185	10
51	KIT	606.964	1	185	10
51	GLI1	606.964	1	185	10
51	WNT2B	606.964	0	185	10
52	ATR	3.822	0	2	1
52	CDKN2A	532.751	0	152	6
52	GABRA6	532.751	0	152	6
52	GABRB2	532.751	0	152	6
52	HLA-DRB1	532.751	1	152	6
52	LRP2	532.751	0	152	6
52	HSPG2	532.751	0	152	6
52	MCM7	5.543	0	3	1
53	CDKN2A	331.529	0	94	4
53	EGFR	331.529	1	94	4
53	EZR	331.529	0	94	4
53	LRP1	331.529	0	94	4
53	KCNB2	5.539	0	3	1
53	PCDHB4	13.647	0	5	1
54	CACNA1S	24.438	0	8	1
54	NCAN	238.085	0	64	5
54	VCAN	238.085	1	64	5
54	PTEN	238.085	0	64	5
54	PTPN6	238.085	0	64	5
54	RIMS2	238.085	1	64	5
54	PCDH11Y	7.764	0	3	1
54	PRKY	10.572	0	4	1
54	RNF8	8.789	0	4	1
54	SMARCA2	10.323	0	4	1
55	CDH23	279.191	0	79	7
55	EGFR	279.191	1	79	7
55	KDR	279.191	0	79	7
55	PTEN	279.191	0	79	7
55	CTNNB1	279.191	0	79	7
55	HLA-DRB1	279.191	0	79	7
55	NFATC1	279.191	0	79	7
55	ZNF274	2.947	0	2	1
56	COL1A2	2.707	0	2	1
56	HLA-DRB1	5.750	0	3	1
56	LUM	2.585	0	2	1
56	PCDH11Y	3.766	0	3	2
56	PCDH9	3.766	0	3	2
56	PLCG2	29.738	0	12	2
56	PRKY	29.738	0	12	2
56	SMC3	3.698	0	2	1
57	CDKN2A	2.504	0	2	1
57	EGFR	77.883	1	23	1
57	HLA-DRB1	12.906	0	5	1
58	ATN1	3.973	0	2	1
58	KDR	234.289	0	66	3
58	PIK3R1	234.289	0	66	3
58	TP53	234.289	0	66	3
58	PCDH11Y	8.605	0	6	3
58	PCDHAC2	8.605	0	6	3
58	PCDHGC5	8.605	0	6	3
58	PRKY	3.130	0	2	1
59	ATRX	450.292	0	130	11
59	CDK4	450.292	1	130	11
59	MAPK13	450.292	0	130	11
59	MDM4	450.292	0	130	11
59	PSMB8	450.292	1	130	11
59	RNF8	450.292	0	130	11
59	SRPK1	450.292	1	130	11
59	TP53	450.292	0	130	11
59	SLC26A8	450.292	0	130	11
59	PIK3R1	450.292	0	130	11
59	CEP250	450.292	0	130	11
59	GLI1	6.426	0	3	1
59	PCDHAC2	6.993	0	3	1
60	TP53	623.706	0	156	1
61	EGFR	59.285	1	18	1
61	NLRP12	3.587	0	2	1
61	PSMA5	9.760	0	4	1
62	CDKN2A	3.530	0	2	1
62	EGFR	188.426	1	58	3
62	PIK3R1	188.426	0	58	3
62	HLA-DRB1	188.426	0	58	3
62	PCDHA10	3.377	0	3	2
62	PCDHA8	3.377	0	3	2
63	DOCK2	2.520	0	2	1
63	EGFR	215.997	0	54	3
63	ITGAM	215.997	0	54	3
63	LAMA5	215.997	0	54	3
63	KCNG1	5.356	0	3	1
63	PIK3C2G	4.793	0	2	1
64	CCT2	15.139	0	6	1
64	FRS2	98.377	0	30	2
64	PTEN	98.377	0	30	2
65	HLA-DRB1	838.492	1	209	1
66	KIFC3	8.727	0	3	1
66	SLC18A2	101.887	0	25	1
67	HLA-DRB1	110.881	0	33	1
68	COL6A2	17.232	0	8	3
68	ITGA4	17.232	0	8	3
68	EGFR	17.232	0	8	3
69	EGFR	246.468	1	62	3
69	LUM	246.468	0	62	3
69	KIT	246.468	0	62	3
69	PCDHA10	4.414	0	2	1
69	PIK3C2B	8.739	1	3	1
70	CDK4	28.172	1	10	3
70	CHEK1	28.172	0	10	3
70	PRKCD	28.172	0	10	3
70	DCTN2	11.790	0	4	1
70	EGFR	267.849	1	70	5
70	GABRA1	267.849	1	70	5
70	SLC6A3	267.849	0	70	5
70	LAMA2	267.849	1	70	5
70	PIK3C2G	267.849	0	70	5
70	FAT2	4.276	0	4	3
70	PCDH15	4.276	0	4	3
70	PCDHAC2	4.276	0	4	3
70	LUM	2.950	0	2	1
70	SCML2	2.819	0	2	1
70	TAP1	47.304	1	15	1
72	AKT1	314.730	1	76	2
72	EGFR	314.730	1	76	2
72	HLA-DRB1	14.540	0	5	1
73	CACNA1I	284.261	0	74	7
73	EGFR	284.261	1	74	7
73	RAB3GAP2	284.261	0	74	7
73	FRS2	284.261	1	74	7
73	CDK4	284.261	1	74	7
73	NEK2	284.261	0	74	7
73	CCT2	284.261	1	74	7
73	CD8A	12.560	0	5	1
73	KCNH1	2.617	0	2	1
73	PCDHGC5	9.022	0	3	1
74	CREBBP	274.901	0	76	5
74	EGFR	274.901	1	76	5
74	DOCK2	274.901	0	76	5
74	LRP1	274.901	0	76	5
74	PIK3C2G	274.901	0	76	5
74	KLC2	18.525	0	6	1
74	PCDHGC5	10.474	0	4	1
75	AKAP8	4.013	0	2	1
75	EGFR	277.756	0	70	4
75	PTEN	277.756	0	70	4
75	PRKCQ	277.756	0	70	4
75	KIT	277.756	0	70	4
75	MYF5	14.208	0	5	1
75	PCDHGC5	14.453	0	4	1
75	PPP3CB	3.797	0	2	1
76	EGFR	213.715	0	59	2
76	TUBGCP5	213.715	0	59	2
77	DNAH9	325.221	0	89	6
77	EGFR	325.221	1	89	6
77	MDM4	325.221	1	89	6
77	PIK3C2B	325.221	1	89	6
77	PTEN	325.221	0	89	6
77	IGF1R	325.221	0	89	6
78	COL6A6	247.482	0	71	3
78	EGFR	247.482	1	71	3
78	LAMB1	247.482	0	71	3
78	PCDHGC5	4.122	0	2	1
79	COL4A5	120.973	0	38	4
79	PTEN	120.973	0	38	4
79	RASGRF1	120.973	0	38	4
79	PIK3CA	120.973	0	38	4
79	MYOD1	3.186	0	2	1
81	FGFR3	83.547	0	27	3
81	ITGAV	83.547	0	27	3
81	PTEN	83.547	0	27	3
81	LRP8	18.469	0	7	1
81	PCDHAC2	2.658	0	4	3
81	PCDHB13	2.658	0	4	3
81	SVEP1	2.658	0	4	3
81	RBBP4	3.039	0	2	1
81	SGOL2	18.801	0	7	1
82	FAT2	12.964	0	5	1
82	IL7	114.370	0	34	1
82	MED13	5.603	0	3	1
83	COL6A6	137.545	0	42	5
83	NOS3	137.545	0	42	5
83	PIK3CA	137.545	0	42	5
83	PTPN11	137.545	0	42	5
83	RIMS2	137.545	1	42	5
84	ANK1	380.275	0	133	28
84	FAS	380.275	0	133	28
84	BTRC	380.275	0	133	28
84	BUB3	380.275	0	133	28
84	CDK4	380.275	1	133	28
84	DNMBP	380.275	0	133	28
84	ERBB3	380.275	0	133	28
84	ITGB1	380.275	0	133	28
84	MAPK8	380.275	0	133	28
84	PLCE1	380.275	0	133	28
84	RIMS2	380.275	1	133	28
84	SLC18A2	380.275	0	133	28
84	VLDLR	380.275	0	133	28
84	TCF7L2	380.275	0	133	28
84	LAMC3	380.275	0	133	28
84	LRP1	380.275	0	133	28
84	PTEN	380.275	0	133	28
84	DNAH9	380.275	0	133	28
84	PIK3CG	380.275	0	133	28
84	SDCCAG8	380.275	1	133	28
84	PLAU	380.275	0	133	28
84	EPC1	380.275	0	133	28
84	IFNG	380.275	0	133	28
84	SMARCA2	380.275	0	133	28
84	SMARCC2	380.275	0	133	28
84	STAT6	380.275	0	133	28
84	FGFR2	380.275	0	133	28
84	FLT1	380.275	0	133	28
84	CDH23	4.052	0	3	2
84	CDH9	4.052	0	3	2
84	GRK5	15.421	0	5	1
84	KCNV2	7.643	0	4	1
84	PSIP1	5.394	0	3	1
84	SMC3	9.489	0	3	1
85	BCAR1	437.706	0	144	28
85	BTRC	437.706	0	144	28
85	BUB3	437.706	0	144	28
85	CDC2	437.706	1	144	28
85	DNMBP	437.706	0	144	28
85	EGFR	437.706	0	144	28
85	FGFR2	437.706	0	144	28
85	SLC18A2	437.706	0	144	28
85	CDK4	437.706	1	144	28
85	ZWINT	437.706	1	144	28
85	ITGB1	437.706	0	144	28
85	TCF7L2	437.706	0	144	28
85	ITGA8	437.706	0	144	28
85	LAMA3	437.706	0	144	28
85	NOS3	437.706	0	144	28
85	PDGFRA	437.706	1	144	28
85	PTEN	437.706	0	144	28
85	PLCE1	437.706	0	144	28
85	PLAU	437.706	0	144	28
85	VAV2	437.706	0	144	28
85	CEP135	437.706	0	144	28
85	DCTN2	437.706	1	144	28
85	PRKCQ	437.706	0	144	28
85	MAPK8	437.706	0	144	28
85	SMC3	437.706	0	144	28
85	EPC1	437.706	0	144	28
85	IFNG	437.706	0	144	28
85	KIT	437.706	0	144	28
85	CDH23	4.089	0	4	3
85	PCDH15	4.089	0	4	3
85	PCDHGC5	4.089	0	4	3
86	BCAR1	116.696	0	32	3
86	PIK3CG	116.696	0	32	3
86	PTEN	116.696	0	32	3
86	KCNV2	9.092	0	4	1
86	MAPK8IP2	3.072	0	2	1
87	CDH17	13.702	0	5	1
87	CDK4	66.343	1	18	1
88	CHP2	3.358	0	2	1
88	FLNC	367.015	0	110	6
88	HLA-A	367.015	0	110	6
88	MET	367.015	0	110	6
88	TP53	367.015	0	110	6
88	PIK3CG	367.015	0	110	6
88	PTEN	367.015	0	110	6
88	GNAT3	17.092	0	5	1
88	PCDHGC5	4.159	0	2	1
88	TSGA14	3.650	0	2	1
89	CELSR1	3.561	0	2	1
89	EGFR	153.750	1	41	3
89	LAMB4	153.750	0	41	3
89	MLLT4	153.750	0	41	3
89	EP300	37.429	0	13	2
89	MCM5	37.429	0	13	2
89	PPARA	6.247	0	3	1
89	PRKCB	3.810	0	2	1
89	STAT1	6.498	0	3	1
89	YWHAH	9.768	1	3	1
90	FRS2	166.124	1	43	4
90	RAB3IP	166.124	0	43	4
90	PTEN	166.124	0	43	4
90	RAN	166.124	0	43	4
90	FZD10	24.375	0	7	1
90	IFNG	11.977	0	4	1
91	COL14A1	152.977	0	46	5
91	ITGAM	152.977	0	46	5
91	PTEN	152.977	0	46	5
91	RIMS2	152.977	0	46	5
91	PTPRB	152.977	0	46	5
91	LRP2	3.678	0	2	1
92	HLA-DRB1	375.253	0	106	2
92	TP53	375.253	0	106	2
93	LAMA1	545.578	0	156	6
93	PIK3CG	545.578	0	156	6
93	PIK3R1	545.578	0	156	6
93	TP53	545.578	0	156	6
93	PTEN	545.578	0	156	6
93	SGOL2	545.578	0	156	6
94	GABRB3	544.678	0	157	9
94	GRIN2A	544.678	0	157	9
94	MAPK13	544.678	0	157	9
94	PLCG1	544.678	0	157	9
94	PTEN	544.678	0	157	9
94	PGR	544.678	0	157	9
94	SMARCC2	544.678	0	157	9
94	KIT	544.678	0	157	9
94	PCM1	544.678	0	157	9
95	CDKN1B	189.928	0	60	6
95	TP53	189.928	0	60	6
95	HDAC2	189.928	0	60	6
95	HLA-DRB1	189.928	0	60	6
95	PLCG1	189.928	0	60	6
95	PIK3C2G	189.928	0	60	6
95	CNTN1	2.848	0	2	1
95	COL2A1	5.370	0	3	1
96	TP53	208.862	0	63	1
98	CTNNA2	15.405	1	5	2
98	PCDHGC5	15.405	0	5	2
98	PIK3C2B	3.536	0	2	1
98	PIK3CA	362.749	0	103	3
98	TP53	362.749	0	103	3
98	RYR1	362.749	0	103	3
99	COL1A2	133.720	0	40	4
99	EGFR	133.720	1	40	4
99	PDGFRA	133.720	1	40	4
99	NCAN	133.720	0	40	4
99	GABBR2	26.292	1	7	1
99	PCDHGC5	6.462	0	3	1
100	ATRX	274.516	1	77	6
100	ITGB4	274.516	0	77	6
100	TCF7L2	274.516	0	77	6
100	TP53	274.516	0	77	6
100	PIK3C2G	274.516	0	77	6
100	PDGFRA	274.516	0	77	6
101	IL12RB2	186.033	0	60	3
101	PTK2B	186.033	0	60	3
101	PDGFRA	186.033	1	60	3
102	CEP70	11.446	0	4	1
102	EGFR	191.374	1	50	2
102	SHB	191.374	0	50	2
103	COL11A2	7.981	0	4	1
103	PCDHGC5	11.425	0	5	1
104	ACVR1B	6.803	0	3	1
104	ATRX	117.813	0	41	7
104	CDK4	117.813	1	41	7
104	TP53	117.813	0	41	7
104	PDGFRA	117.813	0	41	7
104	CDK6	117.813	0	41	7
104	DCTN2	117.813	0	41	7
104	KIT	117.813	0	41	7
104	GRASP	26.514	0	8	1
105	AKT1	240.431	0	69	4
105	DYNC1H1	240.431	0	69	4
105	EGFR	240.431	1	69	4
105	TP53	240.431	0	69	4
105	PCDHAC2	3.840	0	2	1
106	CCNF	76.114	0	25	2
106	TP53	76.114	0	25	2
106	PCDHGC5	5.575	0	3	1
108	CELSR3	8.193	0	3	1
108	FBN1	181.712	0	51	4
108	TP53	181.712	0	51	4
108	KIT	181.712	1	51	4
108	PDGFRA	181.712	1	51	4
108	SRI	22.746	0	8	1
109	COL6A2	623.556	1	162	8
109	FBN2	623.556	1	162	8
109	KIT	623.556	1	162	8
109	TP53	623.556	0	162	8
109	DRD5	623.556	0	162	8
109	FGFR3	623.556	0	162	8
109	RIMS2	623.556	1	162	8
109	PIAS1	623.556	0	162	8
110	EGFR	522.875	1	149	5
110	ITGA4	522.875	0	149	5
110	MAP4K1	522.875	0	149	5
110	FGF18	522.875	0	149	5
110	ZNF3	522.875	0	149	5
110	KCNB2	5.805	0	3	1
110	RASGRF1	2.808	0	2	1
110	SMC3	2.580	0	2	1
111	CHEK1	236.185	0	68	3
111	COL1A2	236.185	0	68	3
111	DRD5	236.185	0	68	3
111	PCDHB6	3.966	0	2	1
112	MCM4	38.673	0	13	1
112	PCDH7	6.339	0	3	1
112	PLCG1	70.604	0	20	1
113	ANK2	301.590	0	88	5
113	EGFR	301.590	0	88	5
113	F8	301.590	0	88	5
113	PLG	301.590	0	88	5
113	LAMA2	301.590	0	88	5
113	BRCA1	6.227	0	3	1
113	PCDH15	9.520	0	4	1
113	RXRA	2.961	0	2	1
114	EGFR	384.202	0	99	2
114	GABRB3	384.202	0	99	2
114	KCNB2	5.842	0	3	1
115	CCNE2	83.651	0	27	5
115	CDK4	83.651	1	27	5
115	DCTN2	83.651	0	27	5
115	IFNG	83.651	0	27	5
115	STAT6	83.651	0	27	5
115	COL14A1	42.222	0	13	1
115	GABRG2	22.019	1	6	1
115	HLA-DRB1	5.439	0	3	1
115	MRE11A	2.773	0	2	1
115	PCDHAC2	5.796	0	3	1
116	COL1A2	24.480	0	10	2
116	FLNA	24.480	0	10	2
116	EGFR	207.643	1	54	4
116	PLCG1	207.643	0	54	4
116	MCM4	207.643	0	54	4
116	TP53	207.643	0	54	4
116	PCDHAC2	3.919	0	2	1
116	SMC3	2.526	0	2	1
117	ATR	85.096	0	27	2
117	TP53	85.096	0	27	2
117	FGFR3	27.962	0	7	1
117	PCDHAC2	10.060	0	4	1
117	RIMS2	40.190	0	11	1
118	AKAP6	221.756	0	64	4
118	BCL2	221.756	0	64	4
118	EGFR	221.756	1	64	4
118	ITGB4	221.756	0	64	4
118	PCDHB13	9.869	0	4	1
119	ANAPC1	310.415	0	88	5
119	HLA-DRB1	310.415	0	88	5
119	CDK5RAP2	310.415	0	88	5
119	EGFR	310.415	1	88	5
119	LAMA3	310.415	0	88	5
119	EEF1A1	4.957	0	2	1
119	PCDH15	4.102	0	2	1
120	CREBBP	11.692	0	5	1
120	EGFR	37.148	0	13	1
121	CNTN2	171.842	0	49	4
121	EGFR	171.842	1	49	4
121	RABIF	171.842	0	49	4
121	PIK3C2B	171.842	0	49	4
121	GABRA5	29.639	0	8	1
121	PCDH11X	3.685	0	3	2
121	PCDHA10	3.685	0	3	2
122	ACAN	308.561	0	86	5
122	AMPH	308.561	1	86	5
122	TP53	308.561	0	86	5
122	CDK4	308.561	1	86	5
122	PPP1CC	308.561	0	86	5
122	CELSR3	5.853	0	3	1
122	IL12B	2.600	0	2	1
123	ATN1	370.096	0	109	7
123	EGFR	370.096	1	109	7
123	TP53	370.096	0	109	7
123	ITGA10	370.096	0	109	7
123	CLSPN	370.096	0	109	7
123	PXN	370.096	0	109	7
123	IFNG	370.096	0	109	7
123	PCDHAC2	4.148	0	2	1
124	ACTG2	8.707	0	4	1
124	COL6A1	241.374	0	70	5
124	ERBB2	241.374	0	70	5
124	PIK3R1	241.374	0	70	5
124	RIMS2	241.374	1	70	5
124	IRS1	241.374	0	70	5
124	RUVBL2	2.651	0	2	1
125	DCHS2	7.267	0	3	1
125	DOCK2	355.573	0	100	7
125	EGFR	355.573	1	100	7
125	IRS1	355.573	0	100	7
125	LAMB4	355.573	0	100	7
125	FBLN2	355.573	0	100	7
125	HSPG2	355.573	0	100	7
125	HLA-DRB1	355.573	0	100	7
125	SCML2	3.544	0	2	1
126	EGFR	255.764	0	68	4
126	PIK3CA	255.764	0	68	4
126	FBN2	255.764	0	68	4
126	PIK3CD	255.764	0	68	4
126	ELAVL1	5.586	1	2	1
126	FAT2	9.109	0	5	2
126	PCDHB13	9.109	0	5	2
127	EGFR	360.034	0	87	1
128	HLA-DRB1	64.524	0	21	2
128	ITGB7	64.524	0	21	2
128	RAB3GAP2	33.281	0	11	1
128	XIAP	5.836	0	3	1
129	FLT1	217.380	0	61	3
129	LAMA3	217.380	0	61	3
129	LRP2	217.380	0	61	3
129	HLF	25.599	1	7	1
129	PCDHAC2	15.758	0	6	1
129	PPARG	5.686	0	3	1
130	ANK2	187.481	0	57	2
130	EGFR	187.481	1	57	2
130	CDH9	9.289	0	4	1
130	DDB1	96.964	0	32	1
130	PAX6	18.575	1	6	1
130	ZNF442	28.731	0	11	1
131	ACTB	553.806	0	166	7
131	COL1A2	553.806	1	166	7
131	EGFR	553.806	1	166	7
131	GNAT3	553.806	0	166	7
131	GNGT1	553.806	0	166	7
131	NCF1	553.806	0	166	7
131	PIK3C2B	553.806	0	166	7
131	IKZF1	12.686	0	5	1
132	CDK4	249.787	1	75	5
132	TP53	249.787	0	75	5
132	SRPK1	249.787	0	75	5
132	DCTN2	249.787	0	75	5
132	SDC2	249.787	0	75	5
133	CDK4	383.099	1	108	8
133	MAPK1	383.099	0	108	8
133	TP53	383.099	0	108	8
133	PDGFRA	383.099	1	108	8
133	LRP2	383.099	0	108	8
133	CEP135	383.099	1	108	8
133	KIT	383.099	0	108	8
133	HLA-DRB1	383.099	0	108	8
134	EGFR	143.072	0	47	3
134	PIK3CG	143.072	0	47	3
134	HLA-DRB1	143.072	0	47	3
135	CBL	172.833	0	58	4
135	HCLS1	172.833	0	58	4
135	PIK3R1	172.833	0	58	4
135	PLCB1	172.833	0	58	4
136	ANAPC1	423.341	0	132	6
136	EGFR	423.341	1	132	6
136	RIMS2	423.341	0	132	6
136	TP53	423.341	1	132	6
136	VAV1	423.341	0	132	6
136	COL14A1	423.341	0	132	6
136	LRP2	5.468	0	2	1
137	EGFR	258.725	1	76	4
137	VASP	258.725	0	76	4
137	SLC26A8	258.725	0	76	4
137	HLA-DQB1	258.725	0	76	4
137	SVEP1	3.754	0	2	1
138	EGFR	219.892	1	56	1
138	HLA-DRB1	69.024	0	24	3
138	MLL	69.024	0	24	3
138	SMC1A	69.024	0	24	3
138	NUMA1	8.570	0	4	1
138	ZNF506	32.848	0	13	1
139	B2M	543.928	0	162	5
139	COL11A2	543.928	0	162	5
139	EGFR	543.928	1	162	5
139	ITGA1	543.928	0	162	5
139	TP53	543.928	1	162	5
140	CEP63	724.944	0	196	6
140	IRS4	724.944	0	196	6
140	PRKX	724.944	0	196	6
140	TP53	724.944	1	196	6
140	OFD1	724.944	0	196	6
140	ITGAD	724.944	0	196	6
140	CLCN4	3.349	0	2	1
140	GYG2	5.693	0	3	1
140	PCDH19	18.075	0	6	1
140	ZNF224	22.146	0	9	1
141	ATRX	310.490	0	97	7
141	CDK4	310.490	1	97	7
141	PIK3CA	310.490	0	97	7
141	TP53	310.490	0	97	7
141	DCTN2	310.490	0	97	7
141	HLA-DRB1	310.490	0	97	7
141	TYK2	310.490	0	97	7
142	TP53	318.713	1	94	1
143	IL32	5.936	1	2	1
144	CD1C	43.009	0	13	1
144	RAF1	56.063	0	19	1
145	ABL1	659.277	0	194	4
145	PTPN11	659.277	0	194	4
145	ITGA10	659.277	0	194	4
145	RXRA	659.277	0	194	4
145	PCDHGC5	6.862	0	3	1
146	EGFR	559.591	1	157	3
146	PIK3CA	559.591	0	157	3
146	PRKCB	559.591	0	157	3
146	FAT2	6.825	0	3	1
147	DCHS2	9.104	0	4	2
147	PCDHGC5	9.104	0	4	2
147	EGFR	360.243	1	98	3
147	PPARA	360.243	0	98	3
147	HLA-DRB1	360.243	0	98	3
148	GABRA1	23.091	1	7	1
148	TPX2	5.663	1	2	1
149	ATRX	290.966	0	84	5
149	HSPG2	290.966	0	84	5
149	LRP1	290.966	0	84	5
149	PIK3CA	290.966	0	84	5
149	TP53	290.966	0	84	5
150	AMPH	23.228	1	4	1
150	GABRB2	90.928	0	23	2
150	VAMP3	90.928	0	23	2
150	PCDH19	6.219	0	3	1
151	ACTN1	468.033	0	137	9
151	CCND2	468.033	1	137	9
151	CDK4	468.033	1	137	9
151	PSMB8	468.033	1	137	9
151	SMARCC2	468.033	0	137	9
151	EGFR	468.033	1	137	9
151	FRS2	468.033	0	137	9
151	MED13	468.033	0	137	9
151	IFNG	468.033	1	137	9
151	HLA-DRB1	35.748	0	13	1
152	ATRX	732.253	0	220	10
152	BRCA1	732.253	0	220	10
152	CSNK2B	732.253	0	220	10
152	FLNA	732.253	1	220	10
152	HLA-A	732.253	0	220	10
152	MLLT4	732.253	0	220	10
152	TP53	732.253	1	220	10
152	MCM5	732.253	1	220	10
152	CEP63	732.253	0	220	10
152	PLCE1	732.253	0	220	10
152	FGF18	3.419	0	2	1
152	PCDH19	7.033	0	6	4
152	PCDHAC2	7.033	0	6	4
152	PCDHGC5	7.033	0	6	4
152	SVEP1	7.033	0	6	4
153	ABL1	441.083	0	133	4
153	CDK4	441.083	1	133	4
153	DCTN2	441.083	0	133	4
153	MAP4K1	441.083	0	133	4
154	CELSR1	7.828	0	4	1
154	GABRQ	75.175	0	19	1
154	NEK2	139.414	0	43	2
154	TP53	139.414	1	43	2
155	CDK4	21.244	1	7	1
155	FRS2	279.808	0	78	5
155	LRP1	279.808	1	78	5
155	PTPRB	279.808	0	78	5
155	STAT6	279.808	0	78	5
155	IFNG	279.808	0	78	5
156	ATRX	6.758	0	3	1
156	CDC27	244.263	0	74	6
156	PRKCB	244.263	0	74	6
156	PIK3CA	244.263	1	74	6
156	IL12RB2	244.263	0	74	6
156	NTRK1	244.263	0	74	6
156	PDGFD	244.263	0	74	6
156	PCDHAC2	12.819	0	5	1
156	SLC26A8	16.839	0	7	1
157	PIK3CG	42.752	0	14	1
158	CDK4	345.441	1	90	4
158	TP53	345.441	0	90	4
158	FGFR1	345.441	0	90	4
158	PDGFRA	345.441	1	90	4
159	EGFR	257.178	1	69	3
159	PLG	257.178	0	69	3
159	MAP3K4	257.178	0	69	3
160	NGF	62.560	0	18	1
161	HLA-DRB1	277.928	1	79	1
162	CEP135	7.698	1	2	1
162	KIT	3.456	0	2	1
162	PDGFRA	17.228	1	5	1
164	EGFR	103.548	1	29	1
165	PIK3R1	172.240	0	44	1
166	TP53	33.267	0	10	1
167	EGFR	212.128	1	59	1
168	EIF4A2	3.401	0	2	1
168	HLA-DRB1	380.305	0	105	5
168	PIK3CA	380.305	1	105	5
168	TP53	380.305	0	105	5
168	PSMD13	380.305	0	105	5
168	SFRS10	380.305	1	105	5
169	AKT3	132.951	0	30	2
169	ANK2	132.951	0	30	2
169	CSNK2B	3.281	0	2	1
169	SDCCAG8	14.796	0	5	1
169	SPN	47.159	0	14	1
170	EGFR	178.336	1	44	1
171	APEX2	2.981	0	2	1
171	HLA-DRB1	94.695	1	29	2
171	PSMD13	94.695	0	29	2
172	CNTN2	57.822	0	17	1
173	AKAP9	237.288	0	66	8
173	CFTR	237.288	0	66	8
173	PTK2B	237.288	0	66	8
173	SRI	237.288	0	66	8
173	ITGB8	237.288	0	66	8
173	HGF	237.288	0	66	8
173	MET	237.288	0	66	8
173	WEE2	237.288	0	66	8
173	DBF4	10.692	1	4	1
173	GNAT3	17.856	0	5	1
173	TWIST1	2.507	0	2	1
174	CTBP1	3.143	0	2	1
174	TP53	108.434	0	32	1
175	TP53	464.278	0	126	1
176	HSPA8	192.530	0	47	2
176	PIK3CA	192.530	0	47	2
176	PIK3C2G	6.670	0	3	1
177	EGFR	186.932	0	51	2
177	FLNA	186.932	0	51	2
178	EGFR	242.825	1	72	2
178	IKZF1	242.825	0	72	2
179	TP53	187.502	0	52	1
180	CSNK2B	6.332	0	3	1
180	EGFR	191.966	0	57	1
180	HGF	21.001	0	7	1
181	EGFR	184.042	0	48	5
181	HSPG2	184.042	0	48	5
181	LAMC3	184.042	0	48	5
181	FLNC	184.042	0	48	5
181	MET	184.042	1	48	5
181	MMP12	3.159	0	2	1
182	HLA-DRB1	5.224	0	3	1
182	TP53	123.532	0	34	1
183	ATR	427.592	0	118	6
183	CDC27	427.592	0	118	6
183	EGFR	427.592	1	118	6
183	TP53	427.592	0	118	6
183	MCM6	427.592	0	118	6
183	COL1A1	427.592	0	118	6
183	PCDHB2	14.750	0	5	1
185	CBLB	241.232	0	65	3
185	PIK3R1	241.232	0	65	3
185	NOTCH2	241.232	0	65	3
186	BARD1	5.341	0	3	1
186	FLNA	61.130	0	16	2
186	ITGAD	61.130	0	16	2
186	PCDHGC5	7.362	0	3	1
186	SRCAP	2.530	0	2	1
187	ATR	203.709	0	62	4
187	DRD5	203.709	0	62	4
187	PIK3CA	203.709	0	62	4
187	FLT1	203.709	0	62	4
187	NKX3-2	11.040	0	5	1
188	AKAP9	160.505	0	48	3
188	MAP2K3	160.505	0	48	3
188	NGF	160.505	0	48	3
188	FLNB	6.778	0	3	1
188	GNAO1	9.994	0	4	1
189	ANK2	249.570	0	80	7
189	CALM1	249.570	0	80	7
189	EGFR	249.570	0	80	7
189	SUPT16H	249.570	0	80	7
189	DNMT1	249.570	0	80	7
189	HLA-DRB1	249.570	0	80	7
189	TYK2	249.570	0	80	7
189	CDH8	3.425	0	3	2
189	PCDHGC5	3.425	0	3	2
190	BUB3	430.379	0	127	11
190	TCF7L2	430.379	0	127	11
190	ERG	430.379	0	127	11
190	SMC3	430.379	0	127	11
190	ETS2	430.379	0	127	11
190	EGFR	430.379	1	127	11
190	FGFR2	430.379	0	127	11
190	SLC18A2	430.379	0	127	11
190	FLNA	430.379	0	127	11
190	FLNC	430.379	0	127	11
190	PLAU	430.379	0	127	11
190	SVEP1	6.583	0	3	1
190	ZNF468	38.048	0	15	2
190	ZNF569	38.048	0	15	2
191	BUB3	384.368	0	109	9
191	EGFR	384.368	1	109	9
191	FGFR2	384.368	0	109	9
191	MAPK8	384.368	0	109	9
191	SLC6A3	384.368	0	109	9
191	MELK	384.368	1	109	9
191	RPA2	384.368	0	109	9
191	PLAU	384.368	0	109	9
191	SHB	384.368	0	109	9
191	CDH23	11.167	0	7	4
191	CDH9	11.167	0	7	4
191	PCDH7	11.167	0	7	4
191	PCDH9	11.167	0	7	4
192	ACTB	876.277	0	275	38
192	ATR	876.277	0	275	38
192	CASP2	876.277	0	275	38
192	CDK6	876.277	0	275	38
192	CFTR	876.277	0	275	38
192	EGFR	876.277	1	275	38
192	PIK3CG	876.277	0	275	38
192	RAC1	876.277	0	275	38
192	DBF4	876.277	1	275	38
192	DFFB	876.277	0	275	38
192	HNRNPA2B1	876.277	0	275	38
192	IKZF1	876.277	0	275	38
192	NOS3	876.277	0	275	38
192	PSMA2	876.277	0	275	38
192	PSMC2	876.277	0	275	38
192	ZNF212	876.277	0	275	38
192	ZNF3	876.277	1	275	38
192	LAMB1	876.277	0	275	38
192	LAMB4	876.277	0	275	38
192	VAV1	876.277	0	275	38
192	PPIA	876.277	0	275	38
192	PRKAR2B	876.277	1	275	38
192	AKAP9	876.277	0	275	38
192	AMPH	876.277	1	275	38
192	CAMK2B	876.277	0	275	38
192	ITGB8	876.277	1	275	38
192	TSGA14	876.277	0	275	38
192	WEE2	876.277	0	275	38
192	FLNC	876.277	0	275	38
192	MET	876.277	0	275	38
192	CD3G	876.277	0	275	38
192	COL1A2	876.277	0	275	38
192	NCF1	876.277	0	275	38
192	HGF	876.277	0	275	38
192	GNGT1	876.277	0	275	38
192	GLI3	876.277	0	275	38
192	GNAT3	876.277	0	275	38
192	EPHA1	876.277	0	275	38
192	CDH9	7.697	0	4	2
192	PCDHA10	7.697	0	4	2
192	IGFBP3	9.882	1	2	1
193	CFTR	188.481	0	51	5
193	DRD5	188.481	0	51	5
193	COL4A5	188.481	0	51	5
193	FN1	188.481	0	51	5
193	ITGB7	188.481	0	51	5
193	MXD1	5.781	0	3	1
193	STAT3	7.816	0	3	1
194	NID1	9.630	0	4	1
194	PCDHGC5	3.605	0	2	1
194	SHB	3.741	0	2	1
195	CDH22	6.667	0	3	1
195	F9	35.294	0	11	1
195	GABRB2	160.532	0	43	2
195	PIK3CA	160.532	0	43	2
196	ASPM	2.547	0	2	1
196	IGF1R	561.017	0	153	4
196	LAMA1	561.017	0	153	4
196	LAMA2	561.017	1	153	4
196	MED13	561.017	0	153	4
197	CKAP5	9.787	0	3	1
197	EEF1A1	2.546	0	2	1
197	EGFR	254.922	1	66	2
197	LAMB3	254.922	0	66	2
198	DCHS1	6.476	0	3	1
198	TYK2	9.640	0	4	1
198	VCAN	35.730	0	11	1
199	EGFR	407.734	1	112	4
199	SYNJ1	407.734	0	112	4
199	HLA-DRB1	407.734	0	112	4
199	PCDHB4	407.734	0	112	4
200	ACAN	303.308	0	86	4
200	EGFR	303.308	1	86	4
200	PIK3R1	303.308	0	86	4
200	LAMB1	303.308	0	86	4
200	GRIN2A	6.522	0	3	1
200	PCDHA10	9.457	0	4	1
201	COL4A5	184.220	0	61	7
201	EGFR	184.220	0	61	7
201	LAMB4	184.220	0	61	7
201	TP53	184.220	0	61	7
201	FBN1	184.220	0	61	7
201	PLCG2	184.220	0	61	7
201	MET	184.220	0	61	7
201	DRD5	15.258	0	5	1
202	ACAN	10.280	0	4	1
202	MCM5	317.132	1	88	3
202	NOS3	317.132	0	88	3
202	TP53	317.132	0	88	3
203	ANK2	911.700	1	248	14
203	MAPK8	911.700	0	248	14
203	MCM6	911.700	1	248	14
203	NRXN1	911.700	1	248	14
203	PRKACG	911.700	0	248	14
203	RAD50	911.700	0	248	14
203	RANBP2	911.700	1	248	14
203	RASA1	911.700	0	248	14
203	TP53	911.700	0	248	14
203	VCAN	911.700	1	248	14
203	ZWINT	911.700	1	248	14
203	NCAPH	911.700	1	248	14
203	S1PR3	911.700	0	248	14
203	MSH3	911.700	0	248	14
203	HLA-DRB1	8.790	0	3	1
203	HMHA1	2.549	0	2	1
203	PCDH15	25.376	0	8	1
203	RPS23	5.925	0	3	1
203	ZNF2	19.757	0	7	1
204	COL6A2	376.637	0	103	4
204	EGFR	376.637	0	103	4
204	PLCG2	376.637	0	103	4
204	TP53	376.637	0	103	4
204	FAT2	13.529	0	5	1
204	HMHA1	28.206	0	10	1
205	EGFR	143.830	0	48	4
205	PIK3R1	143.830	0	48	4
205	TP53	143.830	0	48	4
205	SDCCAG8	143.830	0	48	4
206	CAMK2B	372.831	1	100	8
206	EGFR	372.831	1	100	8
206	GNGT1	372.831	0	100	8
206	PPIA	372.831	0	100	8
206	COL1A2	372.831	0	100	8
206	GNAT3	372.831	0	100	8
206	IGFBP3	372.831	1	100	8
206	NCF1	372.831	0	100	8
206	CDK6	12.789	0	5	1
206	IKZF1	3.232	0	2	1
207	HLA-DRB1	2.780	0	2	1
207	NUMA1	184.244	0	53	2
207	TP53	184.244	0	53	2
207	PCDHGC5	7.036	0	3	1
208	CNTNAP1	6.041	1	2	1
208	EGFR	280.125	1	76	7
208	GRB2	280.125	0	76	7
208	RAB3GAP2	280.125	0	76	7
208	ITGB4	280.125	0	76	7
208	HCLS1	280.125	0	76	7
208	KIT	280.125	0	76	7
208	NCF1	280.125	0	76	7
208	PCDHB6	12.799	0	5	1
208	TUBA4B	29.390	0	9	1
208	ZNF468	8.845	1	3	1
209	EGFR	221.672	1	63	2
209	F8	221.672	0	63	2
209	PIP5K1C	5.204	0	3	1
209	RAD50	3.196	0	2	1
210	ANAPC7	165.318	0	53	8
210	DRD5	165.318	0	53	8
210	GABRB3	165.318	0	53	8
210	PRKCG	165.318	0	53	8
210	VAMP7	165.318	0	53	8
210	PTPN11	165.318	0	53	8
210	WEE2	165.318	0	53	8
210	CD3G	165.318	0	53	8
210	EZR	2.903	0	2	1
210	FLNA	26.759	0	7	1
210	IKZF3	3.169	0	2	1
210	PCDHGC5	9.847	0	4	1
211	HSPG2	331.668	0	96	4
211	PRKCD	331.668	0	96	4
211	TP53	331.668	1	96	4
211	VAMP7	331.668	0	96	4
212	COL1A2	208.714	0	57	5
212	EGFR	208.714	1	57	5
212	PIK3CA	208.714	0	57	5
212	RIMS2	208.714	0	57	5
212	S1PR3	208.714	0	57	5
212	HLA-DRB1	7.260	0	3	1
213	NFKB1	409.995	0	123	3
213	PIK3R1	409.995	0	123	3
213	TP53	409.995	1	123	3
214	KIT	109.966	1	34	4
214	PIK3R2	109.966	0	34	4
214	PRKDC	109.966	0	34	4
214	TP53	109.966	0	34	4
215	BTRC	6.037	0	3	1
215	F9	26.629	0	9	1
215	LRP2	3.249	0	2	1
215	SYT1	21.112	1	5	1
216	CTNNA2	308.627	1	85	5
216	EGFR	308.627	1	85	5
216	RAB3GAP2	308.627	0	85	5
216	PTPRC	308.627	1	85	5
216	FLNB	308.627	0	85	5
216	OFD1	11.354	0	4	1
217	CNTN2	316.129	0	91	5
217	COL11A2	316.129	0	91	5
217	EGFR	316.129	1	91	5
217	PIK3CA	316.129	1	91	5
217	LAMA4	316.129	0	91	5
217	PCDHGC5	4.056	0	2	1
218	KIT	443.049	0	125	5
218	LAMC3	443.049	0	125	5
218	PARP1	443.049	0	125	5
218	TP53	443.049	1	125	5
218	PDGFRA	443.049	1	125	5
218	PCDHA8	12.696	0	5	1
219	AMPH	869.752	1	235	13
219	E2F4	869.752	0	235	13
219	EGFR	869.752	1	235	13
219	FGFR3	869.752	0	235	13
219	ITGB1	869.752	0	235	13
219	STXBP1	869.752	1	235	13
219	ESR1	869.752	0	235	13
219	MMP7	869.752	0	235	13
219	HLA-DRB1	869.752	0	235	13
219	HSPG2	869.752	0	235	13
219	IGF2R	869.752	1	235	13
219	CDH23	869.752	0	235	13
219	IKZF3	869.752	0	235	13
220	ACTB	263.645	0	82	7
220	COL1A2	263.645	1	82	7
220	EGFR	263.645	0	82	7
220	ITGB8	263.645	1	82	7
220	NCF1	263.645	0	82	7
220	S100A4	263.645	0	82	7
220	TSGA14	263.645	0	82	7
220	IFI16	9.323	1	3	1
220	IKBKE	3.414	0	2	1
220	PCDHAC2	9.401	0	4	1
220	S100A12	2.867	0	2	1
220	SNAPIN	24.574	0	8	1
220	ZNF212	2.668	0	2	1
221	CDH9	6.344	0	4	2
221	PCDHGC5	6.344	0	4	2
221	EGFR	193.749	1	58	3
221	PTPN11	193.749	0	58	3
221	LAMA1	193.749	0	58	3
221	LRP2	4.885	0	2	1
221	MAP3K4	2.797	0	2	1
222	MLLT4	3.251	0	2	1
222	NCAPG	9.953	1	3	1
222	TP53	405.878	0	107	1
223	BTRC	511.520	0	158	18
223	BUB3	511.520	0	158	18
223	CDC2	511.520	1	158	18
223	EGFR	511.520	1	158	18
223	FGFR2	511.520	0	158	18
223	EPC1	511.520	0	158	18
223	STAT6	511.520	0	158	18
223	TCF7L2	511.520	0	158	18
223	ZWINT	511.520	1	158	18
223	ITGB1	511.520	0	158	18
223	ITGA8	511.520	0	158	18
223	LAMC1	511.520	0	158	18
223	LRP1	511.520	0	158	18
223	PLAU	511.520	0	158	18
223	SMC3	511.520	0	158	18
223	PRKCQ	511.520	0	158	18
223	IFNG	511.520	0	158	18
223	SLC18A2	511.520	0	158	18
223	CDH23	6.337	0	4	2
223	PCDH15	6.337	0	4	2
223	HOXC8	9.930	0	4	1
224	CD3E	565.862	0	169	7
224	EGFR	565.862	0	169	7
224	EGR1	565.862	0	169	7
224	TP53	565.862	0	169	7
224	EZR	565.862	0	169	7
224	CDH5	565.862	0	169	7
224	MLLT4	565.862	0	169	7
225	CFTR	511.560	0	159	6
225	PIK3R1	511.560	0	159	6
225	PSIP1	511.560	0	159	6
225	SSRP1	511.560	0	159	6
225	FGFR4	511.560	0	159	6
225	VLDLR	511.560	0	159	6
225	FAT2	5.998	0	3	1
226	CDC23	314.012	0	93	8
226	IFI16	314.012	1	93	8
226	GABRB3	314.012	0	93	8
226	ITGA1	314.012	0	93	8
226	LAMB4	314.012	0	93	8
226	PDGFRA	314.012	0	93	8
226	SRC	314.012	0	93	8
226	HLA-DRB1	314.012	0	93	8
226	CTNNA2	6.884	0	4	2
226	PCDHAC2	6.884	0	4	2
226	PLAT	17.516	1	5	1
227	DNAH9	62.453	0	18	1
227	ERCC6L	47.459	0	18	2
227	MCM3	47.459	0	18	2
227	F8	2.515	0	2	1
227	NCL	12.377	0	5	1
227	SH3GL3	81.219	1	20	1
228	PIK3CA	1021.321	0	276	2
228	PIK3R1	1021.321	0	276	2
229	ACAN	270.313	0	83	3
229	EGFR	270.313	1	83	3
229	SDC1	270.313	0	83	3
229	ATM	37.927	1	12	1
230	ADCY8	8.768	1	3	1
230	CD3E	332.769	0	90	2
230	PIK3R1	332.769	0	90	2
230	ERCC6L	19.720	0	7	1
230	PCDH15	18.206	0	9	3
230	PCDHAC2	18.206	0	9	3
230	PCDHGC5	18.206	0	9	3
231	EGFR	472.721	1	125	2
231	PIK3C2G	472.721	0	125	2
231	PCDHGC5	6.593	0	3	1
232	CNTN2	775.660	0	227	8
232	EGFR	775.660	1	227	8
232	F2	775.660	0	227	8
232	GABRB3	775.660	0	227	8
232	PIK3CA	775.660	0	227	8
232	ERG	775.660	0	227	8
232	LAMB3	775.660	0	227	8
232	VAV1	775.660	0	227	8
232	PCDHAC2	9.450	0	4	1
232	SREBF1	29.047	0	9	1
233	ATM	18.041	1	7	2
233	IKZF1	18.041	0	7	2
233	PCDHAC2	6.190	0	3	1
234	DNAH9	145.940	0	46	3
234	GYG2	145.940	0	46	3
234	PIK3R1	145.940	0	46	3
234	HLA-DRB1	5.739	0	3	1
235	ACTN1	278.720	0	80	6
235	EGFR	278.720	1	80	6
235	FBLN2	278.720	0	80	6
235	ITGAM	278.720	0	80	6
235	LRP2	278.720	0	80	6
235	HLA-DRB1	278.720	0	80	6
235	CACNA1B	5.680	0	3	1
235	CDH13	3.979	0	3	2
235	PCDHAC2	3.979	0	3	2
236	EGF	407.161	0	124	4
236	FGFR4	407.161	0	124	4
236	FLI1	407.161	0	124	4
236	NOS3	407.161	0	124	4
236	PCDH19	2.806	0	2	1
237	CACNA1B	5.693	0	3	1
237	DCHS2	6.746	0	5	3
237	PCDHA8	6.746	0	5	3
237	PCDHAC2	6.746	0	5	3
237	EGFR	316.557	1	85	2
237	HLA-DRB1	316.557	0	85	2
238	CCND2	92.040	0	33	5
238	PTPN6	92.040	0	33	5
238	SP1	92.040	0	33	5
238	TP53	92.040	0	33	5
238	GNB3	92.040	0	33	5
238	VAMP1	11.058	0	4	1
239	DCHS2	3.908	0	2	1
239	EGFR	293.098	1	75	3
239	SLC6A3	293.098	0	75	3
239	HDAC2	293.098	0	75	3
240	HLA-DRB1	251.941	0	74	6
240	MCM3	251.941	0	74	6
240	PIK3CG	251.941	0	74	6
240	TP53	251.941	1	74	6
240	STAT6	251.941	0	74	6
240	PRKCD	251.941	0	74	6
240	IKZF1	2.688	0	2	1
240	PCDHGC5	5.117	0	3	1
241	ITGA10	44.694	0	14	2
241	PDGFRA	44.694	1	14	2
241	KIF15	6.873	1	2	1
241	ROCK2	88.882	0	22	1
241	TYK2	2.647	0	2	1
242	CEP135	7.340	1	2	1
242	ITGAM	257.783	0	71	4
242	PIK3R1	257.783	1	71	4
242	PTPRB	257.783	0	71	4
242	KIT	257.783	0	71	4
243	CDH15	750.726	0	195	6
243	CDH5	750.726	0	195	6
243	PIK3CA	750.726	0	195	6
243	TP53	750.726	0	195	6
243	PRKX	750.726	0	195	6
243	EPC1	750.726	0	195	6
244	EGFR	688.401	0	170	3
244	F8	688.401	0	170	3
244	POLR2A	688.401	0	170	3
245	CEP135	212.232	1	64	4
245	KIT	212.232	0	64	4
245	SOS1	212.232	0	64	4
245	TP53	212.232	0	64	4
245	LRP2	3.625	0	2	1
246	COL14A1	250.072	0	66	3
246	EGFR	250.072	1	66	3
246	PDGFRA	250.072	0	66	3
246	FAT2	6.777	0	3	1
246	ZNF3	15.120	0	6	1
247	CAMK2B	365.115	1	98	8
247	EGFR	365.115	0	98	8
247	GLI3	365.115	0	98	8
247	PPIA	365.115	0	98	8
247	NFKBIA	365.115	0	98	8
247	IGFBP3	365.115	1	98	8
247	NRXN1	365.115	1	98	8
247	PSMA2	365.115	0	98	8
248	DCHS1	7.748	0	3	1
248	DNAH9	5.663	0	3	1
248	EGFR	175.741	1	43	1
248	MAPK8IP3	2.799	0	2	1
248	NXF1	5.031	0	2	1
249	CELSR3	12.732	0	6	2
249	PCDH15	12.732	0	6	2
249	COL6A2	49.207	0	15	1
250	LAMB3	302.430	0	82	4
250	MMP9	302.430	0	82	4
250	TP53	302.430	0	82	4
250	PIK3CG	302.430	0	82	4
251	CDH9	2.732	0	2	1
251	DNAH9	6.065	0	3	1
251	EGFR	123.017	1	39	3
251	LAMC3	123.017	0	39	3
251	TP53	123.017	0	39	3
251	F8	2.885	0	2	1
252	EGFR	207.858	0	63	2
252	HLA-DQB1	207.858	1	63	2
252	PCDHGC5	3.454	0	2	1
253	DNAH9	401.328	0	118	5
253	EGFR	401.328	1	118	5
253	PIK3CA	401.328	0	118	5
253	NOS3	401.328	0	118	5
253	TP53	401.328	0	118	5
253	ZNF212	2.766	0	2	1
254	CCND2	9.207	0	3	1
254	EGFR	63.914	1	20	1
255	AMPH	437.922	1	131	6
255	GABRA1	437.922	1	131	6
255	TP53	437.922	0	131	6
255	EZR	437.922	0	131	6
255	HLA-DRB1	437.922	1	131	6
255	BRSK1	437.922	0	131	6
256	ITGB8	307.381	0	88	4
256	LAMA2	307.381	0	88	4
256	TP53	307.381	0	88	4
256	TSC2	307.381	0	88	4
256	VLDLR	3.684	0	2	1
257	EGFR	398.858	0	116	6
257	LAMB3	398.858	0	116	6
257	LAMC3	398.858	0	116	6
257	POLR2A	398.858	0	116	6
257	TUBG1	398.858	0	116	6
257	PIK3R2	398.858	0	116	6
257	PCDH9	6.670	0	3	1
258	LUM	9.267	1	3	1
258	PCDHB13	6.760	0	3	1
259	ANK2	210.509	0	53	3
259	EGFR	210.509	1	53	3
259	FBN1	210.509	0	53	3
259	CELSR2	6.958	0	3	1
260	EGR1	303.435	0	87	3
260	PIK3CA	303.435	0	87	3
260	RYR1	303.435	0	87	3
260	MCM6	2.552	0	2	1
261	ATM	340.182	0	95	7
261	CACNA1B	340.182	0	95	7
261	EGFR	340.182	1	95	7
261	GABRA1	340.182	1	95	7
261	CNTN2	340.182	0	95	7
261	TSGA14	340.182	0	95	7
261	FLNC	340.182	1	95	7
262	EGFR	197.787	1	60	2
262	SLC6A3	197.787	0	60	2
262	LIPG	7.937	1	2	1
263	ANK2	690.273	0	202	8
263	BARD1	690.273	1	202	8
263	HLA-DRB1	690.273	1	202	8
263	IRS4	690.273	0	202	8
263	ITGA4	690.273	0	202	8
263	LRP2	690.273	0	202	8
263	TP53	690.273	0	202	8
263	WEE2	690.273	0	202	8
264	DNAH9	148.097	0	45	2
264	ITGB3	148.097	0	45	2
265	FBLN2	186.059	0	56	3
265	NUMA1	186.059	0	56	3
265	SMC2	186.059	0	56	3
266	ERG	213.111	0	62	3
266	PRKDC	213.111	0	62	3
266	TP53	213.111	0	62	3
266	FAT2	10.192	0	4	1
266	KIT	8.541	1	3	1
268	COL14A1	544.064	0	152	6
268	EGFR	544.064	0	152	6
268	ITGB4	544.064	0	152	6
268	PIK3R1	544.064	0	152	6
268	PTPRB	544.064	0	152	6
268	SMAD4	544.064	0	152	6
268	FAT2	7.256	0	4	2
268	PCDH19	7.256	0	4	2
268	POLA1	2.817	0	2	1
269	CREBBP	154.709	0	50	5
269	EGFR	154.709	1	50	5
269	FBLN2	154.709	0	50	5
269	PPP3CC	154.709	0	50	5
269	PCM1	154.709	0	50	5
269	RAD21	6.048	0	3	1
270	GNAT3	50.497	0	17	3
270	PIK3R5	50.497	0	17	3
270	RYR1	50.497	0	17	3
270	NEFH	27.331	1	6	1
271	APC	831.368	1	210	6
271	EGFR	831.368	0	210	6
271	FLT1	831.368	0	210	6
271	HLA-DRB1	831.368	0	210	6
271	TP53	831.368	0	210	6
271	SMARCA4	831.368	0	210	6
271	PCDHGC5	37.914	0	10	1
271	ZNF625	12.798	0	5	1
272	AMPH	734.542	1	190	9
272	CAMK2B	734.542	1	190	9
272	CD3G	734.542	0	190	9
272	EGFR	734.542	0	190	9
272	GLI3	734.542	0	190	9
272	PPIA	734.542	0	190	9
272	PSMA2	734.542	0	190	9
272	MORF4L1	734.542	0	190	9
272	IKZF1	734.542	0	190	9
272	IGFBP3	5.701	1	2	1
273	CHP2	686.868	0	170	5
273	COL1A2	686.868	1	170	5
273	EGFR	686.868	0	170	5
273	LAMA1	686.868	0	170	5
273	PCDHGC5	686.868	0	170	5
273	HLA-DRB1	24.051	0	6	1
274	CDH15	666.188	0	171	6
274	EGFR	666.188	0	171	6
274	LAMA5	666.188	0	171	6
274	LRP1	666.188	0	171	6
274	SGOL1	666.188	0	171	6
274	MAPKAPK3	666.188	0	171	6
275	AKT3	405.552	0	104	3
275	EGFR	405.552	0	104	3
275	SDCCAG8	405.552	0	104	3
275	CDH9	19.605	0	7	2
275	PCDHGC5	19.605	0	7	2
276	CDH23	811.507	0	187	3
276	LRP1	811.507	0	187	3
276	SFN	811.507	1	187	3
277	MMP9	787.094	1	196	4
277	PSMD4	787.094	0	196	4
277	TP53	787.094	0	196	4
277	PCDHAC2	787.094	0	196	4
278	EPHA1	26.962	0	10	1
278	PCDHA10	37.630	0	10	1
279	GLI2	26.516	0	9	1
279	JAK1	174.766	0	43	1
279	PCDHAC2	9.257	0	3	1
280	LYN	22.950	0	9	2
280	SMC1A	22.950	0	9	2
281	GNG12	591.660	1	165	6
281	IL12RB2	591.660	0	165	6
281	LAMA1	591.660	0	165	6
281	LRP2	591.660	0	165	6
281	PIK3CA	591.660	1	165	6
281	TARDBP	591.660	0	165	6
281	PCDHAC2	15.066	0	6	1
282	ASPM	306.585	1	95	7
282	EGFR	306.585	1	95	7
282	IKZF1	306.585	0	95	7
282	TP53	306.585	0	95	7
282	PPIA	306.585	0	95	7
282	PSMA2	306.585	1	95	7
282	IGFBP3	306.585	1	95	7
282	DYRK1B	3.655	0	2	1
282	FBL	3.333	0	2	1
282	PCDHAC2	3.104	0	2	1
283	EGFR	369.412	1	99	4
283	KIT	369.412	0	99	4
283	LRP2	369.412	0	99	4
283	FLNC	369.412	0	99	4
283	PCDH7	10.103	0	4	1
283	PRKDC	2.758	0	2	1
284	CDH19	3.809	0	2	1
284	EGFR	435.859	1	127	6
284	GABRB2	435.859	0	127	6
284	PIK3CA	435.859	0	127	6
284	SH3GL3	435.859	0	127	6
284	IGF2R	435.859	0	127	6
284	PRKDC	435.859	0	127	6
285	F10	85.259	0	26	1
286	COL6A2	305.130	0	96	5
286	EGFR	305.130	1	96	5
286	SLC6A3	305.130	0	96	5
286	HLA-DRB1	305.130	0	96	5
286	IFNGR1	305.130	0	96	5
286	MAP3K4	20.149	0	8	1
286	PCDHAC2	10.318	0	5	2
286	PCDHGC5	10.318	0	5	2
286	SMC1A	3.247	0	2	1
287	CD3G	19.953	0	8	1
287	CDH13	4.571	0	2	1
287	GABRG2	105.497	1	23	2
287	ITCH	105.497	0	23	2
287	KCNB1	6.516	1	2	1
287	RPA2	6.538	0	3	1
288	CEBPB	318.058	0	91	7
288	DRD5	318.058	0	91	7
288	EGFR	318.058	1	91	7
288	PIK3R1	318.058	0	91	7
288	TSC2	318.058	0	91	7
288	PRKCG	318.058	0	91	7
288	RUVBL2	318.058	0	91	7
289	COL1A2	892.064	1	265	8
289	HLA-DRB1	892.064	1	265	8
289	HSPG2	892.064	0	265	8
289	LAMA5	892.064	0	265	8
289	PIK3CA	892.064	0	265	8
289	PTPRC	892.064	1	265	8
289	TP53	892.064	1	265	8
289	DRD5	892.064	0	265	8
289	GRIN2C	3.805	0	2	1
289	PCDHAC2	7.786	0	4	2
289	PCDHGC5	7.786	0	4	2
290	FOS	623.998	1	182	4
290	HSPG2	623.998	0	182	4
290	LAMC1	623.998	1	182	4
290	LYN	623.998	1	182	4
291	DRD5	220.902	0	66	6
291	EGF	220.902	0	66	6
291	PIK3CA	220.902	0	66	6
291	LAMB1	220.902	0	66	6
291	GLI3	220.902	0	66	6
291	MET	220.902	0	66	6
291	PCDHA10	3.897	0	2	1
292	CNTNAP1	483.590	0	140	9
292	DNAH9	483.590	1	140	9
292	ERBB4	483.590	0	140	9
292	F2	483.590	0	140	9
292	HLA-DRB1	483.590	0	140	9
292	MAPK8	483.590	0	140	9
292	TSC2	483.590	0	140	9
292	TUBG1	483.590	0	140	9
292	FGFR3	483.590	1	140	9
292	ZNF470	24.636	0	10	1
293	CDK6	303.543	0	86	5
293	COL1A2	303.543	1	86	5
293	EGFR	303.543	1	86	5
293	EGR1	303.543	0	86	5
293	PARP1	303.543	0	86	5
293	HKR1	14.662	0	6	1
293	PCDHAC2	6.574	0	3	1
294	ASPM	736.620	0	226	9
294	CNTN1	736.620	0	226	9
294	COL4A5	736.620	0	226	9
294	EGFR	736.620	1	226	9
294	GABRA1	736.620	1	226	9
294	HMHA1	736.620	0	226	9
294	PIK3CG	736.620	0	226	9
294	STAT1	736.620	0	226	9
294	HDAC2	736.620	0	226	9
295	CHRDL2	9.069	0	4	1
295	GNA15	2.719	0	2	1
295	HLA-DRB1	407.442	0	123	5
295	KIT	407.442	0	123	5
295	LAMA3	407.442	0	123	5
295	PIK3R1	407.442	0	123	5
295	TP53	407.442	1	123	5
296	BUB3	524.182	0	156	10
296	DFFB	524.182	0	156	10
296	EGFR	524.182	1	156	10
296	FGFR2	524.182	0	156	10
296	PIK3CD	524.182	0	156	10
296	VAMP3	524.182	0	156	10
296	HLA-DRB1	524.182	1	156	10
296	ITGB7	524.182	0	156	10
296	PLAU	524.182	1	156	10
296	CRKL	524.182	0	156	10
296	CDH23	10.309	0	4	1
297	CCND2	514.938	0	159	16
297	ERBB3	514.938	0	159	16
297	IFNG	514.938	0	159	16
297	JAK1	514.938	0	159	16
297	SYT1	514.938	1	159	16
297	TP53	514.938	0	159	16
297	VAMP1	514.938	0	159	16
297	LRP1	514.938	0	159	16
297	PTPN6	514.938	0	159	16
297	GNB3	514.938	0	159	16
297	HLA-DRB1	514.938	1	159	16
297	PTPRB	514.938	0	159	16
297	SMC1A	514.938	0	159	16
297	PXN	514.938	0	159	16
297	SMARCC2	514.938	0	159	16
297	STAT6	514.938	0	159	16
297	PCDHAC2	5.503	0	3	1
298	NEFH	242.619	1	64	2
298	POU2F1	242.619	0	64	2
299	APEX2	218.871	0	70	5
299	FBN1	218.871	0	70	5
299	SMC1A	218.871	0	70	5
299	TP53	218.871	0	70	5
299	FLT1	218.871	0	70	5
300	ANK2	199.322	0	54	3
300	PDGFRA	199.322	0	54	3
300	KIT	199.322	0	54	3
300	CDC27	9.305	0	4	1
300	GNAT3	18.172	0	5	1
301	CACNA1B	24.688	0	8	1
301	CDH8	7.029	0	3	1
301	COL6A2	634.735	1	176	6
301	EGF	634.735	0	176	6
301	EGFR	634.735	1	176	6
301	GABRG2	634.735	1	176	6
301	FN1	634.735	1	176	6
301	HLA-DRA	634.735	1	176	6
301	TCF7L2	3.640	0	2	1
302	DNMT1	317.099	0	91	5
302	ERG	317.099	0	91	5
302	FN1	317.099	0	91	5
302	GABRB3	317.099	0	91	5
302	VAV2	317.099	0	91	5
302	HLA-DRB1	65.460	1	20	2
302	PIK3C2G	65.460	0	20	2
303	EGFR	181.385	0	52	3
303	RYR1	181.385	0	52	3
303	VAMP3	181.385	0	52	3
303	PCDH19	6.944	0	5	3
303	PCDHAC2	6.944	0	5	3
303	PCDHGC5	6.944	0	5	3
304	EGFR	140.417	0	42	2
304	FRS2	140.417	0	42	2
304	STXBP1	10.721	0	3	1
305	CD97	16.256	0	6	1
305	LAMA1	230.095	0	60	2
305	PIK3CA	230.095	0	60	2
305	PCDHAC2	4.036	0	2	1
306	HCLS1	93.339	1	32	2
306	LAMA5	93.339	0	32	2
307	BCR	354.768	0	127	29
307	BRCA1	354.768	0	127	29
307	BUB3	354.768	0	127	29
307	CDC2	354.768	1	127	29
307	EGFR	354.768	0	127	29
307	SLC18A2	354.768	0	127	29
307	VAMP3	354.768	0	127	29
307	ITGB1	354.768	0	127	29
307	TCF7L2	354.768	0	127	29
307	DFFB	354.768	0	127	29
307	HDAC2	354.768	0	127	29
307	TARDBP	354.768	0	127	29
307	BTRC	354.768	0	127	29
307	NCAPG	354.768	1	127	29
307	SMC3	354.768	0	127	29
307	MAPK1	354.768	0	127	29
307	PRKCQ	354.768	0	127	29
307	MAPK8	354.768	0	127	29
307	ITGA8	354.768	0	127	29
307	LAMA4	354.768	0	127	29
307	EPC1	354.768	0	127	29
307	FBLN2	354.768	0	127	29
307	FGFR1	354.768	0	127	29
307	FGFR2	354.768	0	127	29
307	PDGFRA	354.768	1	127	29
307	PIK3CD	354.768	0	127	29
307	CRKL	354.768	0	127	29
307	PLAU	354.768	0	127	29
307	PPARA	354.768	0	127	29
307	CDH23	5.788	0	6	4
307	CELSR1	5.788	0	6	4
307	PCDH15	5.788	0	6	4
307	PCDH9	5.788	0	6	4
307	GABRA5	10.222	0	4	2
307	GABRB3	10.222	0	4	2
308	CASP2	415.957	0	140	19
308	LAMB1	415.957	0	140	19
308	LAMB4	415.957	0	140	19
308	CFTR	415.957	0	140	19
308	EGFR	415.957	1	140	19
308	PIK3CG	415.957	0	140	19
308	MET	415.957	0	140	19
308	COL1A2	415.957	0	140	19
308	NOS3	415.957	0	140	19
308	CCL2	415.957	0	140	19
308	NCF1	415.957	0	140	19
308	CDK6	415.957	0	140	19
308	PRKAR2B	415.957	0	140	19
308	RASGRF1	415.957	0	140	19
308	PSMC2	415.957	0	140	19
308	TSGA14	415.957	0	140	19
308	WEE2	415.957	0	140	19
308	ZNF3	415.957	1	140	19
308	FLNC	415.957	0	140	19
308	PCDHAC2	6.240	0	3	1
308	ZNF212	3.296	0	2	1
309	CDC27	41.450	0	15	1
309	GABRA5	314.414	0	95	4
309	SRC	314.414	0	95	4
309	HLA-DRB1	314.414	0	95	4
309	MYF5	314.414	0	95	4
310	ATM	389.575	0	111	5
310	CCNE2	389.575	1	111	5
310	HLA-DRB1	389.575	0	111	5
310	PIK3R1	389.575	0	111	5
310	SYNJ1	389.575	0	111	5
310	NCAPG	3.676	0	2	1
311	HLA-DRB1	25.365	0	9	1
312	PDGFD	2.511	0	2	1
312	PIK3CA	198.228	0	54	1
313	CREBBP	272.085	0	74	2
313	TP53	272.085	0	74	2
314	CELSR3	3.900	0	2	1
314	CEP250	6.839	0	3	1
314	EGFR	255.458	0	67	2
314	RIMS2	255.458	1	67	2
315	BRCA1	317.563	0	89	4
315	EGFR	317.563	1	89	4
315	PIK3R1	317.563	0	89	4
315	PDGFRA	317.563	0	89	4
315	PCDHAC2	6.779	0	3	1
316	CCND2	268.350	0	76	4
316	MAPK1	268.350	0	76	4
316	PIK3CA	268.350	0	76	4
316	HLA-DRB1	268.350	0	76	4
316	DCHS2	3.450	0	4	3
316	PCDH7	3.450	0	4	3
316	PCDHAC2	3.450	0	4	3
316	EIF4A1	2.969	0	2	1
316	KCNB1	6.404	1	2	1
317	CDH4	9.172	0	4	1
317	GABRB2	332.029	0	91	4
317	PIK3R1	332.029	0	91	4
317	TP53	332.029	0	91	4
317	PIK3C2G	332.029	0	91	4
318	APEX2	3.740	0	2	1
318	CEP250	247.783	0	61	2
318	EGFR	247.783	1	61	2
319	COL1A2	256.571	0	72	4
319	LRP1	256.571	0	72	4
319	TP53	256.571	0	72	4
319	SLC6A3	256.571	0	72	4
319	KIT	4.539	0	2	1
320	CDC27	37.591	0	13	1
320	CEP63	7.374	0	3	1
320	GRIN2C	97.230	0	23	1
320	HLA-DRB1	2.711	0	2	1
321	CDH19	9.132	0	4	1
321	CHEK1	411.652	1	117	3
321	COL6A1	411.652	0	117	3
321	EGFR	411.652	1	117	3
322	CSNK1G1	19.899	0	8	1
322	ITGA8	183.843	0	55	2
322	MMP7	183.843	0	55	2
322	PCDHAC2	10.604	0	4	1
322	SLC26A8	13.901	0	6	1
323	ACTG2	1111.605	1	311	7
323	LAMA2	1111.605	0	311	7
323	LAMA5	1111.605	0	311	7
323	PIK3CA	1111.605	0	311	7
323	TP53	1111.605	1	311	7
323	VAMP7	1111.605	0	311	7
323	PDGFRA	1111.605	1	311	7
324	EGFR	406.224	1	108	4
324	RIMS2	406.224	1	108	4
324	SRPK1	406.224	0	108	4
324	SHB	406.224	0	108	4
325	CHRDL2	132.691	0	41	2
325	FBLN2	132.691	0	41	2
325	HLA-DOA	37.409	0	13	1
326	CELSR1	9.677	0	4	1
326	EFNA2	398.584	0	106	4
326	EGFR	398.584	1	106	4
326	PRKCA	398.584	0	106	4
326	RALGDS	398.584	0	106	4
327	CCL2	284.473	0	87	3
327	COL2A1	284.473	0	87	3
327	F9	284.473	0	87	3
327	MYBL1	2.562	0	2	1
