GENE	DRIVER_FREQUENCY	DRIVER_SNV_FREQUENCY	DRIVER_DELTION_FREQUENCY	DRIVER_AMPLIFICATION_FREQUENCY	CANCER_CENSUS	PAN_CANCER	IMPACT	MUTATION_FREQUENCY	SNV_FREQUENCY	DELTION_FREQUENCY	AMPLIFICATION_FREQUENCY
EGFR	0.392	0.261	0.000	0.240	NA	NA	143.6222229290	0.392	0.261	0.000	0.240
TP53	0.283	0.280	0.003	0.000	NA	NA	112.2776717770	0.283	0.280	0.003	0.000
HLA-DRB1	0.188	0.000	0.006	0.182	NA	NA	57.5419538063	0.188	0.000	0.006	0.182
PIK3CA	0.091	0.088	0.000	0.003	NA	NA	39.7252657630	0.091	0.088	0.000	0.003
PIK3R1	0.091	0.088	0.006	0.000	NA	NA	37.6559062298	0.091	0.088	0.006	0.000
PTEN	0.085	0.079	0.006	0.000	NA	NA	30.6850172264	0.313	0.289	0.024	0.000
CDK4	0.070	0.000	0.000	0.070	NA	NA	27.0695749814	0.116	0.000	0.000	0.116
PDGFRA	0.055	0.040	0.000	0.024	NA	NA	17.7107625575	0.055	0.040	0.000	0.024
LRP1	0.033	0.018	0.006	0.009	NA	NA	17.0357752994	0.033	0.018	0.006	0.009
CD3G	0.030	0.003	0.003	0.024	NA	NA	16.9067632738	0.030	0.003	0.003	0.024
CDKN2A	0.033	0.003	0.030	0.000	NA	NA	16.1641653412	0.468	0.015	0.453	0.000
COL1A2	0.043	0.027	0.000	0.015	NA	NA	15.8309871614	0.043	0.027	0.000	0.015
DCTN2	0.033	0.000	0.000	0.033	NA	NA	15.4505544731	0.064	0.003	0.003	0.061
IFNG	0.033	0.006	0.009	0.018	NA	NA	15.0900345356	0.033	0.006	0.009	0.018
PIK3CG	0.036	0.027	0.000	0.009	NA	NA	14.0572957975	0.036	0.027	0.000	0.009
AMPH	0.021	0.012	0.000	0.009	NA	NA	12.9831655675	0.021	0.012	0.000	0.009
IKZF1	0.030	0.006	0.000	0.024	NA	NA	12.4470345925	0.030	0.006	0.000	0.024
MET	0.030	0.015	0.000	0.015	NA	NA	12.3368458743	0.030	0.015	0.000	0.015
NOS3	0.027	0.018	0.000	0.012	NA	NA	11.9181695523	0.027	0.018	0.000	0.012
COL6A3	0.033	0.033	0.000	0.000	NA	NA	11.8592490234	0.033	0.033	0.000	0.000
GLI3	0.018	0.006	0.000	0.012	NA	NA	11.2757019988	0.018	0.006	0.000	0.012
FGFR2	0.027	0.003	0.021	0.003	NA	NA	11.2035998482	0.027	0.003	0.021	0.003
COL6A2	0.027	0.027	0.000	0.000	NA	NA	11.1437395652	0.027	0.027	0.000	0.000
PPIA	0.018	0.000	0.000	0.018	NA	NA	11.0964022757	0.018	0.000	0.000	0.018
RIMS2	0.033	0.033	0.000	0.000	NA	NA	10.5074696457	0.033	0.033	0.000	0.000
LAMA2	0.018	0.018	0.000	0.000	NA	NA	10.4817437771	0.018	0.018	0.000	0.000
PIK3C2B	0.024	0.006	0.000	0.018	NA	NA	10.2112480784	0.055	0.012	0.000	0.046
ANK2	0.030	0.030	0.000	0.000	NA	NA	10.1845184589	0.030	0.030	0.000	0.000
PSMA2	0.015	0.000	0.000	0.015	NA	NA	10.0660197652	0.015	0.000	0.000	0.015
PTPRB	0.021	0.006	0.000	0.015	NA	NA	9.8519055653	0.021	0.006	0.000	0.015
STAT6	0.021	0.003	0.006	0.012	NA	NA	9.8329473753	0.021	0.003	0.006	0.012
SMARCC2	0.015	0.006	0.003	0.006	NA	NA	9.2814479147	0.015	0.006	0.003	0.006
LAMA5	0.015	0.015	0.000	0.000	NA	NA	9.1753311600	0.015	0.015	0.000	0.000
BUB3	0.021	0.000	0.021	0.000	NA	NA	9.0879787357	0.021	0.000	0.021	0.000
PLAU	0.021	0.000	0.021	0.000	NA	NA	9.0879787357	0.021	0.000	0.021	0.000
FRS2	0.024	0.000	0.000	0.024	NA	NA	9.0729898582	0.024	0.000	0.000	0.024
FN1	0.018	0.018	0.000	0.000	NA	NA	8.8740182229	0.018	0.018	0.000	0.000
GLI1	0.009	0.000	0.000	0.009	NA	NA	8.8557206724	0.064	0.009	0.003	0.052
MAPK8	0.018	0.003	0.015	0.000	NA	NA	8.7789538046	0.018	0.003	0.015	0.000
DRD5	0.027	0.027	0.000	0.000	NA	NA	8.7663130996	0.027	0.027	0.000	0.000
FLNC	0.024	0.009	0.000	0.015	NA	NA	8.7042672254	0.024	0.009	0.000	0.015
NOS1	0.018	0.015	0.000	0.003	NA	NA	8.4844342502	0.018	0.015	0.000	0.003
SEC61G	0.012	0.000	0.000	0.012	NA	NA	8.4276920282	0.316	0.000	0.000	0.316
KIT	0.018	0.003	0.000	0.015	NA	NA	8.3202456440	0.076	0.012	0.000	0.064
ACTB	0.012	0.000	0.000	0.012	NA	NA	8.2153254828	0.012	0.000	0.000	0.012
LAMA1	0.018	0.018	0.000	0.000	NA	NA	8.2056263132	0.018	0.018	0.000	0.000
PIK3C2G	0.027	0.024	0.003	0.000	NA	NA	8.1617242455	0.027	0.024	0.003	0.000
DBNL	0.015	0.000	0.000	0.015	NA	NA	8.1553814686	0.018	0.000	0.000	0.018
NCF1	0.018	0.003	0.000	0.015	NA	NA	8.1179020604	0.018	0.003	0.000	0.015
ITGB8	0.015	0.003	0.000	0.012	NA	NA	8.1073655172	0.015	0.003	0.000	0.012
ITGB1	0.018	0.003	0.012	0.003	NA	NA	7.8490480371	0.018	0.003	0.012	0.003
ERBB3	0.012	0.003	0.003	0.006	NA	NA	7.7935204259	0.012	0.003	0.003	0.006
ATRX	0.024	0.024	0.000	0.000	NA	NA	7.4937857777	0.043	0.043	0.000	0.000
ATR	0.018	0.015	0.000	0.003	NA	NA	7.4520964833	0.018	0.015	0.000	0.003
EPC1	0.018	0.003	0.012	0.003	NA	NA	7.3159758518	0.018	0.003	0.012	0.003
FGFR1	0.012	0.012	0.000	0.000	NA	NA	7.3056754036	0.012	0.012	0.000	0.000
TCF7L2	0.021	0.006	0.015	0.000	NA	NA	7.0907632109	0.021	0.006	0.015	0.000
LAMB4	0.018	0.012	0.000	0.006	NA	NA	7.0869577246	0.018	0.012	0.000	0.006
COL1A1	0.012	0.012	0.000	0.000	NA	NA	6.7889419738	0.012	0.012	0.000	0.000
FGFR4	0.012	0.012	0.000	0.000	NA	NA	6.7888030569	0.012	0.012	0.000	0.000
GABRB3	0.021	0.018	0.003	0.000	NA	NA	6.7845760024	0.021	0.018	0.003	0.000
RB1	0.009	0.009	0.000	0.000	NA	NA	6.7717094005	0.070	0.064	0.009	0.000
MDM2	0.009	0.000	0.000	0.009	NA	NA	6.7021337077	0.076	0.006	0.000	0.070
GRIN2A	0.024	0.024	0.000	0.000	NA	NA	6.6370679494	0.024	0.024	0.000	0.000
VAV1	0.009	0.009	0.000	0.000	NA	NA	6.4172393644	0.009	0.009	0.000	0.000
FGFR3	0.015	0.012	0.000	0.003	NA	NA	6.3766192989	0.015	0.012	0.000	0.003
CDKN2B	0.012	0.000	0.012	0.000	NA	NA	6.3557840553	0.447	0.003	0.444	0.000
CNTN2	0.018	0.006	0.000	0.012	NA	NA	6.3296660033	0.018	0.006	0.000	0.012
NF1	0.009	0.009	0.000	0.000	NA	NA	6.3263959382	0.094	0.094	0.000	0.000
PRKY	0.027	0.000	0.027	0.000	NA	NA	6.1872188947	0.195	0.000	0.195	0.000
LAMB1	0.015	0.009	0.000	0.006	NA	NA	6.1868489987	0.015	0.009	0.000	0.006
ATM	0.018	0.018	0.000	0.000	NA	NA	6.1296052906	0.018	0.018	0.000	0.000
IGFBP3	0.018	0.000	0.000	0.018	NA	NA	6.1134983471	0.018	0.000	0.000	0.018
DNAH9	0.027	0.027	0.000	0.000	NA	NA	6.1117009275	0.027	0.027	0.000	0.000
GNAT3	0.021	0.009	0.000	0.012	NA	NA	6.0983854960	0.027	0.012	0.000	0.015
CDK6	0.018	0.000	0.000	0.018	NA	NA	5.9829738790	0.018	0.000	0.000	0.018
CCT2	0.021	0.006	0.000	0.015	NA	NA	5.7857600841	0.030	0.006	0.000	0.024
HNRNPA2B1	0.006	0.000	0.000	0.006	NA	NA	5.7830869669	0.012	0.000	0.000	0.012
RAC1	0.006	0.000	0.000	0.006	NA	NA	5.7830869669	0.006	0.000	0.000	0.006
MLLT4	0.015	0.012	0.003	0.000	NA	NA	5.7370566103	0.015	0.012	0.003	0.000
TSC2	0.012	0.012	0.000	0.000	NA	NA	5.6881250263	0.012	0.012	0.000	0.000
FLI1	0.009	0.009	0.000	0.000	NA	NA	5.5379223033	0.009	0.009	0.000	0.000
FLT1	0.018	0.015	0.003	0.000	NA	NA	5.5350117210	0.018	0.015	0.003	0.000
GABRA1	0.015	0.015	0.000	0.000	NA	NA	5.5061029303	0.015	0.015	0.000	0.000
ASPM	0.012	0.012	0.000	0.000	NA	NA	5.4816282999	0.015	0.015	0.000	0.000
ITGB3	0.012	0.012	0.000	0.000	NA	NA	5.4638080994	0.012	0.012	0.000	0.000
ERG	0.012	0.009	0.003	0.000	NA	NA	5.4568781013	0.012	0.009	0.003	0.000
RALA	0.012	0.000	0.000	0.012	NA	NA	5.4470516985	0.012	0.000	0.000	0.012
DFFB	0.009	0.000	0.009	0.000	NA	NA	5.4223006721	0.009	0.000	0.009	0.000
ZWINT	0.009	0.000	0.009	0.000	NA	NA	5.3824612254	0.015	0.000	0.015	0.000
LAMB3	0.012	0.012	0.000	0.000	NA	NA	5.2693198337	0.012	0.012	0.000	0.000
ING3	0.006	0.000	0.000	0.006	NA	NA	5.2341276122	0.015	0.000	0.000	0.015
SLC18A2	0.018	0.003	0.015	0.000	NA	NA	5.1260799759	0.018	0.003	0.015	0.000
BTRC	0.015	0.003	0.012	0.000	NA	NA	5.0936815026	0.015	0.003	0.012	0.000
TUBA1A	0.009	0.003	0.003	0.003	NA	NA	5.0638979755	0.009	0.003	0.003	0.003
HGF	0.018	0.006	0.000	0.012	NA	NA	4.9834628392	0.018	0.006	0.000	0.012
PIK3CB	0.009	0.006	0.000	0.003	NA	NA	4.8728374894	0.009	0.006	0.000	0.003
COL2A1	0.009	0.003	0.003	0.003	NA	NA	4.8651452615	0.009	0.003	0.003	0.003
VAMP7	0.009	0.009	0.000	0.000	NA	NA	4.8611792395	0.009	0.009	0.000	0.000
FLNA	0.018	0.012	0.003	0.003	NA	NA	4.8236266924	0.018	0.012	0.003	0.003
SLC6A3	0.018	0.012	0.003	0.003	NA	NA	4.8211007363	0.018	0.012	0.003	0.003
HDAC2	0.012	0.009	0.003	0.000	NA	NA	4.7762625529	0.012	0.009	0.003	0.000
CREBBP	0.015	0.015	0.000	0.000	NA	NA	4.7689418410	0.015	0.015	0.000	0.000
GABRB2	0.015	0.015	0.000	0.000	NA	NA	4.7653510721	0.015	0.015	0.000	0.000
CHEK1	0.012	0.012	0.000	0.000	NA	NA	4.6473616091	0.012	0.012	0.000	0.000
PRKCQ	0.015	0.003	0.009	0.003	NA	NA	4.6365102590	0.015	0.003	0.009	0.003
ITGA8	0.015	0.003	0.009	0.003	NA	NA	4.6340538922	0.015	0.003	0.009	0.003
HLA-A	0.009	0.000	0.009	0.000	NA	NA	4.6145184181	0.009	0.000	0.009	0.000
CEP135	0.021	0.000	0.003	0.018	NA	NA	4.6123710205	0.027	0.003	0.003	0.021
PIK3CD	0.012	0.000	0.009	0.003	NA	NA	4.6089484203	0.012	0.000	0.009	0.003
ITGAM	0.015	0.015	0.000	0.000	NA	NA	4.5734649814	0.015	0.015	0.000	0.000
LAMC3	0.015	0.015	0.000	0.000	NA	NA	4.5371877892	0.015	0.015	0.000	0.000
FBLN2	0.018	0.018	0.000	0.000	NA	NA	4.4320315281	0.018	0.018	0.000	0.000
SRPK1	0.009	0.006	0.000	0.003	NA	NA	4.4031067988	0.009	0.006	0.000	0.003
ZNF3	0.006	0.003	0.000	0.003	NA	NA	4.3687799652	0.012	0.006	0.000	0.006
ERBB2	0.021	0.021	0.000	0.000	NA	NA	4.3627525523	0.021	0.021	0.000	0.000
COL14A1	0.015	0.015	0.000	0.000	NA	NA	4.3483463523	0.015	0.015	0.000	0.000
PLG	0.009	0.006	0.003	0.000	NA	NA	4.3354389998	0.009	0.006	0.003	0.000
BRCA1	0.012	0.012	0.000	0.000	NA	NA	4.2331792748	0.012	0.012	0.000	0.000
SHB	0.012	0.009	0.003	0.000	NA	NA	4.1898179446	0.012	0.009	0.003	0.000
EGF	0.009	0.009	0.000	0.000	NA	NA	4.1084546775	0.009	0.009	0.000	0.000
SMAD4	0.006	0.006	0.000	0.000	NA	NA	4.1079148332	0.006	0.006	0.000	0.000
PRKX	0.006	0.003	0.003	0.000	NA	NA	4.0818760982	0.006	0.003	0.003	0.000
MCM6	0.009	0.006	0.000	0.003	NA	NA	4.0383907252	0.009	0.006	0.000	0.003
CEP63	0.009	0.006	0.003	0.000	NA	NA	3.9965483444	0.009	0.006	0.003	0.000
EP300	0.009	0.006	0.003	0.000	NA	NA	3.9534658265	0.009	0.006	0.003	0.000
ITGA7	0.006	0.003	0.000	0.003	NA	NA	3.9279650824	0.006	0.003	0.000	0.003
IGF2R	0.006	0.006	0.000	0.000	NA	NA	3.9215210706	0.006	0.006	0.000	0.000
CCND2	0.015	0.006	0.000	0.009	NA	NA	3.9212831287	0.015	0.006	0.000	0.009
ITGB4	0.012	0.009	0.000	0.003	NA	NA	3.9048475371	0.012	0.009	0.000	0.003
EZR	0.012	0.012	0.000	0.000	NA	NA	3.8913357444	0.012	0.012	0.000	0.000
CDC2	0.009	0.000	0.009	0.000	NA	NA	3.8772897666	0.009	0.000	0.009	0.000
VAV2	0.009	0.009	0.000	0.000	NA	NA	3.8770740169	0.009	0.009	0.000	0.000
F8	0.015	0.015	0.000	0.000	NA	NA	3.8766091140	0.015	0.015	0.000	0.000
CNOT2	0.003	0.000	0.000	0.003	NA	NA	3.8663807683	0.021	0.003	0.000	0.021
CACNB3	0.003	0.000	0.000	0.003	NA	NA	3.8663807683	0.015	0.006	0.003	0.006
F2	0.006	0.006	0.000	0.000	NA	NA	3.8417173402	0.006	0.006	0.000	0.000
CDH5	0.006	0.006	0.000	0.000	NA	NA	3.8320568488	0.006	0.006	0.000	0.000
PSMC2	0.006	0.000	0.000	0.006	NA	NA	3.8295061508	0.006	0.000	0.000	0.006
ITGA4	0.009	0.009	0.000	0.000	NA	NA	3.7961732471	0.009	0.009	0.000	0.000
COL4A5	0.012	0.009	0.003	0.000	NA	NA	3.7340994476	0.012	0.009	0.003	0.000
PRKDC	0.021	0.021	0.000	0.000	NA	NA	3.7195505422	0.021	0.021	0.000	0.000
PTPRC	0.006	0.006	0.000	0.000	NA	NA	3.7076157298	0.006	0.006	0.000	0.000
LAMC1	0.006	0.006	0.000	0.000	NA	NA	3.6918987529	0.006	0.006	0.000	0.000
LYN	0.009	0.009	0.000	0.000	NA	NA	3.6687906903	0.009	0.009	0.000	0.000
TEK	0.006	0.003	0.003	0.000	NA	NA	3.6670207541	0.064	0.015	0.049	0.000
LAMA3	0.012	0.012	0.000	0.000	NA	NA	3.6548505523	0.012	0.012	0.000	0.000
ANK1	0.009	0.006	0.003	0.000	NA	NA	3.6534091360	0.036	0.021	0.015	0.000
NRXN1	0.006	0.006	0.000	0.000	NA	NA	3.6493418771	0.015	0.015	0.000	0.000
MED13	0.009	0.009	0.000	0.000	NA	NA	3.5848130480	0.009	0.009	0.000	0.000
VAMP3	0.012	0.003	0.009	0.000	NA	NA	3.5003274382	0.012	0.003	0.009	0.000
PTPN11	0.012	0.012	0.000	0.000	NA	NA	3.4872500170	0.012	0.012	0.000	0.000
VCAN	0.009	0.006	0.003	0.000	NA	NA	3.4648503929	0.009	0.006	0.003	0.000
MDM4	0.009	0.003	0.000	0.006	NA	NA	3.4484757179	0.036	0.003	0.000	0.033
BSG	0.006	0.000	0.003	0.003	NA	NA	3.4007046564	0.006	0.000	0.003	0.003
EGR1	0.009	0.009	0.000	0.000	NA	NA	3.3830038199	0.009	0.009	0.000	0.000
POLR2A	0.006	0.006	0.000	0.000	NA	NA	3.3772029108	0.006	0.006	0.000	0.000
BCR	0.009	0.006	0.003	0.000	NA	NA	3.3596520944	0.009	0.006	0.003	0.000
ABL1	0.006	0.006	0.000	0.000	NA	NA	3.3354420072	0.006	0.006	0.000	0.000
ITGA10	0.009	0.009	0.000	0.000	NA	NA	3.2746773411	0.009	0.009	0.000	0.000
AKAP9	0.009	0.003	0.000	0.006	NA	NA	3.2363447763	0.027	0.015	0.000	0.012
BCAR1	0.009	0.006	0.003	0.000	NA	NA	3.2094221187	0.009	0.006	0.003	0.000
MCM5	0.009	0.006	0.003	0.000	NA	NA	3.1724750005	0.009	0.006	0.003	0.000
MMP7	0.006	0.006	0.000	0.000	NA	NA	3.1173333140	0.006	0.006	0.000	0.000
TBL1Y	0.009	0.000	0.009	0.000	NA	NA	3.1119071275	0.195	0.000	0.195	0.000
ADCYAP1R1	0.003	0.000	0.000	0.003	NA	NA	3.0936913377	0.018	0.003	0.000	0.015
MAP4K1	0.009	0.006	0.000	0.003	NA	NA	3.0385391410	0.009	0.006	0.000	0.003
MAPK1	0.009	0.006	0.003	0.000	NA	NA	3.0143540114	0.009	0.006	0.003	0.000
CD3E	0.006	0.006	0.000	0.000	NA	NA	2.9512080371	0.006	0.006	0.000	0.000
POU2F1	0.006	0.006	0.000	0.000	NA	NA	2.9485060503	0.006	0.006	0.000	0.000
AKT1	0.012	0.003	0.000	0.009	NA	NA	2.9439521456	0.012	0.003	0.000	0.009
SFN	0.003	0.003	0.000	0.000	NA	NA	2.9025533928	0.003	0.003	0.000	0.000
STAT1	0.006	0.006	0.000	0.000	NA	NA	2.8425624393	0.006	0.006	0.000	0.000
PLCG1	0.012	0.012	0.000	0.000	NA	NA	2.8099816204	0.012	0.012	0.000	0.000
PDGFRB	0.006	0.006	0.000	0.000	NA	NA	2.8061883176	0.012	0.012	0.000	0.000
SDCCAG8	0.012	0.003	0.000	0.009	NA	NA	2.7914497457	0.012	0.003	0.000	0.009
PGR	0.006	0.006	0.000	0.000	NA	NA	2.7831839474	0.018	0.018	0.000	0.000
EPHA1	0.006	0.003	0.000	0.003	NA	NA	2.7713470176	0.009	0.003	0.000	0.006
CRKL	0.006	0.003	0.003	0.000	NA	NA	2.7329050429	0.006	0.003	0.003	0.000
PSMB8	0.006	0.006	0.000	0.000	NA	NA	2.7270505270	0.006	0.006	0.000	0.000
TARDBP	0.006	0.000	0.003	0.003	NA	NA	2.7239431694	0.006	0.000	0.003	0.003
DBF4	0.006	0.000	0.000	0.006	NA	NA	2.7218941863	0.012	0.000	0.000	0.012
COL11A2	0.009	0.009	0.000	0.000	NA	NA	2.7184578281	0.018	0.018	0.000	0.000
COL4A4	0.009	0.009	0.000	0.000	NA	NA	2.7170388288	0.009	0.009	0.000	0.000
ZNF212	0.012	0.000	0.000	0.012	NA	NA	2.7159318461	0.012	0.000	0.000	0.012
MYST4	0.009	0.009	0.000	0.000	NA	NA	2.7145496624	0.030	0.009	0.021	0.000
ITGA1	0.006	0.006	0.000	0.000	NA	NA	2.6813972578	0.006	0.006	0.000	0.000
IGF1R	0.006	0.006	0.000	0.000	NA	NA	2.6685944195	0.006	0.006	0.000	0.000
NTRK3	0.003	0.003	0.000	0.000	NA	NA	2.6655219043	0.006	0.006	0.000	0.000
ACAN	0.012	0.012	0.000	0.000	NA	NA	2.6645352611	0.012	0.012	0.000	0.000
RYR2	0.003	0.003	0.000	0.000	NA	NA	2.6324975110	0.079	0.079	0.000	0.000
PRKCB	0.009	0.009	0.000	0.000	NA	NA	2.6317745364	0.009	0.009	0.000	0.000
RAD50	0.006	0.003	0.003	0.000	NA	NA	2.6203982520	0.006	0.003	0.003	0.000
PRKACG	0.003	0.000	0.003	0.000	NA	NA	2.6106839691	0.003	0.000	0.003	0.000
RASA1	0.003	0.000	0.003	0.000	NA	NA	2.6106839691	0.003	0.000	0.003	0.000
NCAPH	0.003	0.000	0.000	0.003	NA	NA	2.6106839691	0.003	0.000	0.000	0.003
STXBP1	0.006	0.006	0.000	0.000	NA	NA	2.5997278683	0.006	0.006	0.000	0.000
TUBG1	0.006	0.006	0.000	0.000	NA	NA	2.5813796319	0.006	0.006	0.000	0.000
FBN2	0.006	0.006	0.000	0.000	NA	NA	2.5787487453	0.021	0.018	0.003	0.000
IKZF3	0.006	0.006	0.000	0.000	NA	NA	2.5767759392	0.006	0.006	0.000	0.000
PRKCA	0.006	0.006	0.000	0.000	NA	NA	2.5683506404	0.006	0.006	0.000	0.000
ESR1	0.003	0.003	0.000	0.000	NA	NA	2.5671423198	0.003	0.003	0.000	0.000
E2F4	0.003	0.003	0.000	0.000	NA	NA	2.5671423198	0.003	0.003	0.000	0.000
RYR1	0.012	0.012	0.000	0.000	NA	NA	2.5601256334	0.015	0.015	0.000	0.000
PSMD13	0.009	0.009	0.000	0.000	NA	NA	2.5469227539	0.009	0.009	0.000	0.000
RAB3GAP2	0.012	0.009	0.003	0.000	NA	NA	2.5467242522	0.012	0.009	0.003	0.000
SYNJ1	0.006	0.000	0.000	0.006	NA	NA	2.5188186272	0.006	0.000	0.000	0.006
IL12RB2	0.009	0.006	0.000	0.003	NA	NA	2.5157918558	0.009	0.006	0.000	0.003
CALML5	0.015	0.003	0.009	0.003	NA	NA	2.5074181519	0.015	0.003	0.009	0.003
VLDLR	0.006	0.003	0.003	0.000	NA	NA	2.4997498232	0.012	0.003	0.009	0.000
PXN	0.006	0.003	0.000	0.003	NA	NA	2.4740535250	0.006	0.003	0.000	0.003
DNMBP	0.006	0.000	0.006	0.000	NA	NA	2.4626687941	0.024	0.012	0.012	0.000
ITGB7	0.009	0.009	0.000	0.000	NA	NA	2.4361866188	0.009	0.009	0.000	0.000
SREBF1	0.003	0.003	0.000	0.000	NA	NA	2.4214399378	0.003	0.003	0.000	0.000
CDH23	0.030	0.009	0.021	0.000	NA	NA	2.4209748930	0.030	0.009	0.021	0.000
ACTN1	0.006	0.006	0.000	0.000	NA	NA	2.3448803667	0.006	0.006	0.000	0.000
MORF4L1	0.003	0.003	0.000	0.000	NA	NA	2.3408724625	0.003	0.003	0.000	0.000
CDH15	0.006	0.006	0.000	0.000	NA	NA	2.3383687056	0.006	0.006	0.000	0.000
ADAM12	0.003	0.003	0.000	0.000	NA	NA	2.3321400359	0.024	0.006	0.018	0.000
MSH6	0.003	0.003	0.000	0.000	NA	NA	2.3321400359	0.018	0.018	0.000	0.000
GABRG2	0.009	0.009	0.000	0.000	NA	NA	2.3127413364	0.009	0.009	0.000	0.000
PTPN6	0.009	0.003	0.000	0.006	NA	NA	2.2653102657	0.009	0.003	0.000	0.006
CNTN1	0.006	0.003	0.003	0.000	NA	NA	2.2469989548	0.006	0.003	0.003	0.000
PPARA	0.009	0.003	0.006	0.000	NA	NA	2.2441024583	0.009	0.003	0.006	0.000
ANAPC1	0.006	0.006	0.000	0.000	NA	NA	2.2419057907	0.006	0.006	0.000	0.000
SMARCA4	0.003	0.003	0.000	0.000	NA	NA	2.2184863649	0.003	0.003	0.000	0.000
PSMD4	0.003	0.003	0.000	0.000	NA	NA	2.2095081614	0.003	0.003	0.000	0.000
FOS	0.003	0.003	0.000	0.000	NA	NA	2.1847474714	0.003	0.003	0.000	0.000
KALRN	0.006	0.006	0.000	0.000	NA	NA	2.1725604183	0.012	0.012	0.000	0.000
PARP1	0.006	0.006	0.000	0.000	NA	NA	2.1638252548	0.006	0.006	0.000	0.000
CTNNB1	0.006	0.006	0.000	0.000	NA	NA	2.1513584374	0.006	0.006	0.000	0.000
CSNK2B	0.009	0.003	0.003	0.003	NA	NA	2.1496648753	0.009	0.003	0.003	0.003
SLC26A8	0.012	0.009	0.000	0.003	NA	NA	2.1435850107	0.012	0.009	0.000	0.003
MAPKAPK3	0.003	0.003	0.000	0.000	NA	NA	2.1029372126	0.003	0.003	0.000	0.000
SGOL1	0.003	0.003	0.000	0.000	NA	NA	2.1029372126	0.003	0.003	0.000	0.000
BARD1	0.006	0.006	0.000	0.000	NA	NA	2.0806457510	0.006	0.006	0.000	0.000
LAMA4	0.006	0.003	0.003	0.000	NA	NA	2.0716789504	0.006	0.003	0.003	0.000
CDC27	0.015	0.015	0.000	0.000	NA	NA	2.0426090476	0.015	0.015	0.000	0.000
CEP250	0.009	0.009	0.000	0.000	NA	NA	2.0234529065	0.009	0.009	0.000	0.000
DOCK2	0.009	0.009	0.000	0.000	NA	NA	2.0020375494	0.018	0.018	0.000	0.000
DNMT1	0.006	0.003	0.000	0.003	NA	NA	1.9980443844	0.006	0.003	0.000	0.003
CTNNA2	0.009	0.009	0.000	0.000	NA	NA	1.9348122173	0.009	0.009	0.000	0.000
SRC	0.006	0.006	0.000	0.000	NA	NA	1.9331471519	0.006	0.006	0.000	0.000
CBL	0.006	0.006	0.000	0.000	NA	NA	1.9270914609	0.006	0.006	0.000	0.000
HLA-DRA	0.003	0.003	0.000	0.000	NA	NA	1.9251541757	0.003	0.003	0.000	0.000
CHP2	0.006	0.006	0.000	0.000	NA	NA	1.9163870135	0.006	0.006	0.000	0.000
COL6A1	0.006	0.006	0.000	0.000	NA	NA	1.9112528725	0.006	0.006	0.000	0.000
CACNA1E	0.015	0.015	0.000	0.000	NA	NA	1.9019826304	0.015	0.015	0.000	0.000
PRKCD	0.009	0.009	0.000	0.000	NA	NA	1.8725078435	0.009	0.009	0.000	0.000
JAK1	0.006	0.006	0.000	0.000	NA	NA	1.8628411528	0.006	0.006	0.000	0.000
TGFBR1	0.006	0.006	0.000	0.000	NA	NA	1.8541060164	0.006	0.006	0.000	0.000
SH3GL3	0.006	0.006	0.000	0.000	NA	NA	1.8101798125	0.006	0.006	0.000	0.000
PIAS1	0.003	0.003	0.000	0.000	NA	NA	1.8028540461	0.003	0.003	0.000	0.000
LRRC7	0.015	0.012	0.000	0.003	NA	NA	1.8009315894	0.015	0.012	0.000	0.003
PLCG2	0.009	0.009	0.000	0.000	NA	NA	1.7984008976	0.009	0.009	0.000	0.000
TYK2	0.012	0.009	0.000	0.003	NA	NA	1.7979597347	0.012	0.009	0.000	0.003
PCDHAC2	0.100	0.100	0.000	0.000	NA	NA	1.7807396132	0.100	0.100	0.000	0.000
RABIF	0.006	0.000	0.000	0.006	NA	NA	1.7618569146	0.006	0.000	0.000	0.006
SGOL2	0.006	0.006	0.000	0.000	NA	NA	1.7435453390	0.012	0.012	0.000	0.000
B2M	0.003	0.003	0.000	0.000	NA	NA	1.7280335638	0.003	0.003	0.000	0.000
AKT3	0.006	0.000	0.000	0.006	NA	NA	1.7217307186	0.006	0.000	0.000	0.006
GRAP2	0.006	0.003	0.003	0.000	NA	NA	1.7097312411	0.006	0.003	0.003	0.000
FGF18	0.006	0.006	0.000	0.000	NA	NA	1.6897762137	0.006	0.006	0.000	0.000
COL5A2	0.006	0.006	0.000	0.000	NA	NA	1.6856990237	0.006	0.006	0.000	0.000
SRI	0.015	0.000	0.000	0.015	NA	NA	1.6613066990	0.015	0.000	0.000	0.015
HCLS1	0.009	0.009	0.000	0.000	NA	NA	1.6350975989	0.009	0.009	0.000	0.000
GABRA6	0.003	0.003	0.000	0.000	NA	NA	1.6350939709	0.027	0.027	0.000	0.000
GNG12	0.003	0.000	0.000	0.003	NA	NA	1.6184306592	0.003	0.000	0.000	0.003
RPN1	0.003	0.003	0.000	0.000	NA	NA	1.5735741412	0.003	0.003	0.000	0.000
NBN	0.003	0.003	0.000	0.000	NA	NA	1.5735741412	0.003	0.003	0.000	0.000
RASGRF1	0.009	0.009	0.000	0.000	NA	NA	1.5153473353	0.009	0.009	0.000	0.000
HLA-DQB1	0.006	0.000	0.003	0.003	NA	NA	1.5056383661	0.006	0.000	0.003	0.003
CCNE2	0.006	0.003	0.000	0.003	NA	NA	1.4970496523	0.006	0.003	0.000	0.003
PSIP1	0.006	0.000	0.006	0.000	NA	NA	1.4935169088	0.012	0.000	0.009	0.003
PRKCG	0.006	0.006	0.000	0.000	NA	NA	1.4727260615	0.006	0.006	0.000	0.000
CNTNAP1	0.006	0.006	0.000	0.000	NA	NA	1.4386398240	0.006	0.006	0.000	0.000
CHL1	0.006	0.006	0.000	0.000	NA	NA	1.4222930648	0.021	0.021	0.000	0.000
ERBB4	0.003	0.003	0.000	0.000	NA	NA	1.4202774025	0.003	0.003	0.000	0.000
SYT1	0.006	0.003	0.000	0.003	NA	NA	1.3915021683	0.006	0.003	0.000	0.003
VAMP1	0.006	0.000	0.000	0.006	NA	NA	1.3609441689	0.006	0.000	0.000	0.006
ADCY8	0.003	0.003	0.000	0.000	NA	NA	1.3473411802	0.006	0.006	0.000	0.000
CACNA1I	0.012	0.009	0.003	0.000	NA	NA	1.3164019345	0.012	0.009	0.003	0.000
JUP	0.006	0.006	0.000	0.000	NA	NA	1.3163238502	0.006	0.006	0.000	0.000
RNF8	0.006	0.003	0.000	0.003	NA	NA	1.2454922716	0.006	0.003	0.000	0.003
SMARCA2	0.006	0.003	0.003	0.000	NA	NA	1.2370778567	0.021	0.009	0.012	0.000
MELK	0.006	0.003	0.003	0.000	NA	NA	1.2344161826	0.006	0.003	0.003	0.000
MYOG	0.003	0.000	0.000	0.003	NA	NA	1.2317441427	0.006	0.000	0.000	0.006
RALGDS	0.006	0.006	0.000	0.000	NA	NA	1.2060403055	0.006	0.006	0.000	0.000
ETS2	0.003	0.000	0.003	0.000	NA	NA	1.2054424884	0.003	0.000	0.003	0.000
RPA2	0.006	0.003	0.003	0.000	NA	NA	1.1996843872	0.006	0.003	0.003	0.000
FAS	0.003	0.000	0.003	0.000	NA	NA	1.1980428193	0.024	0.000	0.024	0.000
GRK5	0.003	0.000	0.003	0.000	NA	NA	1.1980428193	0.018	0.000	0.018	0.000
F9	0.009	0.009	0.000	0.000	NA	NA	1.1878470477	0.009	0.009	0.000	0.000
SCML2	0.006	0.006	0.000	0.000	NA	NA	1.1818958802	0.006	0.006	0.000	0.000
ATN1	0.006	0.006	0.000	0.000	NA	NA	1.1703405395	0.015	0.009	0.000	0.006
TJP1	0.009	0.006	0.003	0.000	NA	NA	1.1571006447	0.009	0.006	0.003	0.000
CLSPN	0.003	0.003	0.000	0.000	NA	NA	1.1467206595	0.003	0.003	0.000	0.000
NCAPG	0.006	0.006	0.000	0.000	NA	NA	1.1357655848	0.009	0.009	0.000	0.000
NCAN	0.006	0.006	0.000	0.000	NA	NA	1.1302200614	0.006	0.006	0.000	0.000
COL4A3	0.003	0.003	0.000	0.000	NA	NA	1.1300254045	0.003	0.003	0.000	0.000
PTK2B	0.006	0.006	0.000	0.000	NA	NA	1.1199286546	0.006	0.006	0.000	0.000
NUMA1	0.009	0.009	0.000	0.000	NA	NA	1.1188684460	0.012	0.012	0.000	0.000
GABRA5	0.009	0.006	0.003	0.000	NA	NA	1.1009405992	0.009	0.006	0.003	0.000
ROCK2	0.006	0.003	0.000	0.003	NA	NA	1.0929648645	0.006	0.003	0.000	0.003
MLL	0.009	0.009	0.000	0.000	NA	NA	1.0692184768	0.009	0.009	0.000	0.000
CACNA1B	0.015	0.015	0.000	0.000	NA	NA	1.0472103102	0.015	0.015	0.000	0.000
NFKBIA	0.003	0.003	0.000	0.000	NA	NA	1.0386579080	0.003	0.003	0.000	0.000
PCDHGC5	0.097	0.097	0.000	0.000	NA	NA	1.0373072427	0.109	0.109	0.000	0.000
MYF5	0.006	0.006	0.000	0.000	NA	NA	1.0229676434	0.006	0.006	0.000	0.000
TTN	0.003	0.003	0.000	0.000	NA	NA	1.0109305131	0.207	0.207	0.000	0.000
RUVBL2	0.006	0.006	0.000	0.000	NA	NA	0.9858249666	0.006	0.006	0.000	0.000
IFI16	0.006	0.003	0.000	0.003	NA	NA	0.9817000943	0.006	0.003	0.000	0.003
CEBPB	0.003	0.003	0.000	0.000	NA	NA	0.9777679596	0.003	0.003	0.000	0.000
CNKSR2	0.006	0.006	0.000	0.000	NA	NA	0.9717581122	0.006	0.006	0.000	0.000
FLNB	0.006	0.006	0.000	0.000	NA	NA	0.9640100881	0.006	0.006	0.000	0.000
PPP1CC	0.003	0.003	0.000	0.000	NA	NA	0.9537470148	0.003	0.003	0.000	0.000
CDC23	0.003	0.003	0.000	0.000	NA	NA	0.9533636940	0.003	0.003	0.000	0.000
PLAT	0.003	0.003	0.000	0.000	NA	NA	0.9533636940	0.006	0.006	0.000	0.000
TAP1	0.003	0.003	0.000	0.000	NA	NA	0.9483049590	0.003	0.003	0.000	0.000
CDK5RAP2	0.003	0.003	0.000	0.000	NA	NA	0.9355019933	0.006	0.006	0.000	0.000
IFNGR1	0.003	0.003	0.000	0.000	NA	NA	0.9287557034	0.003	0.003	0.000	0.000
MCM3	0.006	0.006	0.000	0.000	NA	NA	0.9103901920	0.006	0.006	0.000	0.000
ITPR1	0.012	0.012	0.000	0.000	NA	NA	0.8931038804	0.012	0.012	0.000	0.000
NFATC1	0.003	0.003	0.000	0.000	NA	NA	0.8496514335	0.003	0.003	0.000	0.000
SELP	0.006	0.006	0.000	0.000	NA	NA	0.8467430267	0.006	0.006	0.000	0.000
NTRK1	0.003	0.003	0.000	0.000	NA	NA	0.8335796153	0.006	0.006	0.000	0.000
GRB2	0.003	0.000	0.000	0.003	NA	NA	0.8257748831	0.003	0.000	0.000	0.003
EIF4A1	0.003	0.003	0.000	0.000	NA	NA	0.8176987003	0.003	0.003	0.000	0.000
MCM4	0.006	0.006	0.000	0.000	NA	NA	0.8082547528	0.006	0.006	0.000	0.000
CALM1	0.003	0.003	0.000	0.000	NA	NA	0.7900206874	0.003	0.003	0.000	0.000
SUPT16H	0.003	0.003	0.000	0.000	NA	NA	0.7900206874	0.003	0.003	0.000	0.000
SDC2	0.003	0.003	0.000	0.000	NA	NA	0.7672329992	0.003	0.003	0.000	0.000
AMHR2	0.003	0.003	0.000	0.000	NA	NA	0.7667223445	0.003	0.003	0.000	0.000
BMI1	0.003	0.000	0.000	0.003	NA	NA	0.7512427532	0.015	0.000	0.012	0.003
PPP2R5D	0.003	0.003	0.000	0.000	NA	NA	0.7512427532	0.003	0.003	0.000	0.000
NOTCH2	0.003	0.003	0.000	0.000	NA	NA	0.7216972679	0.009	0.009	0.000	0.000
CBLB	0.003	0.003	0.000	0.000	NA	NA	0.7216972679	0.003	0.003	0.000	0.000
NGF	0.006	0.003	0.003	0.000	NA	NA	0.6911459838	0.006	0.003	0.003	0.000
TUBGCP5	0.003	0.000	0.003	0.000	NA	NA	0.6620487274	0.009	0.006	0.003	0.000
APEX2	0.009	0.003	0.003	0.003	NA	NA	0.6587371385	0.009	0.003	0.003	0.003
AKAP6	0.009	0.009	0.000	0.000	NA	NA	0.6476472658	0.009	0.009	0.000	0.000
SOS1	0.003	0.003	0.000	0.000	NA	NA	0.6260712250	0.003	0.003	0.000	0.000
YWHAH	0.003	0.000	0.003	0.000	NA	NA	0.6042187309	0.003	0.000	0.003	0.000
MXD1	0.003	0.003	0.000	0.000	NA	NA	0.6025119966	0.003	0.003	0.000	0.000
STAT3	0.003	0.003	0.000	0.000	NA	NA	0.6025119966	0.003	0.003	0.000	0.000
SPN	0.003	0.003	0.000	0.000	NA	NA	0.5877220505	0.003	0.003	0.000	0.000
NEK2	0.006	0.003	0.003	0.000	NA	NA	0.5571916165	0.006	0.003	0.003	0.000
CACNA1D	0.006	0.006	0.000	0.000	NA	NA	0.5568837690	0.012	0.012	0.000	0.000
RAN	0.003	0.000	0.003	0.000	NA	NA	0.5300336378	0.003	0.000	0.003	0.000
PCM1	0.006	0.003	0.003	0.000	NA	NA	0.5265107035	0.006	0.003	0.003	0.000
PLCB1	0.003	0.003	0.000	0.000	NA	NA	0.5253274882	0.003	0.003	0.000	0.000
MAP2K3	0.003	0.003	0.000	0.000	NA	NA	0.5009939426	0.003	0.003	0.000	0.000
GNAO1	0.003	0.003	0.000	0.000	NA	NA	0.5009939426	0.003	0.003	0.000	0.000
ANAPC7	0.003	0.003	0.000	0.000	NA	NA	0.4949581020	0.003	0.003	0.000	0.000
PPP3CC	0.003	0.000	0.003	0.000	NA	NA	0.4871035485	0.003	0.000	0.003	0.000
PCDH11Y	0.033	0.000	0.033	0.000	NA	NA	0.4561949316	0.198	0.015	0.191	0.000
IL7	0.003	0.003	0.000	0.000	NA	NA	0.4058996766	0.003	0.003	0.000	0.000
ITCH	0.003	0.003	0.000	0.000	NA	NA	0.3206603903	0.003	0.003	0.000	0.000
PCDHA10	0.024	0.000	0.021	0.003	NA	NA	0.3063765170	0.024	0.000	0.021	0.003
GRIN2C	0.006	0.006	0.000	0.000	NA	NA	0.2911666296	0.006	0.006	0.000	0.000
SMC1A	0.006	0.006	0.000	0.000	NA	NA	0.2884134000	0.015	0.012	0.000	0.003
DDB1	0.003	0.003	0.000	0.000	NA	NA	0.2870075438	0.003	0.003	0.000	0.000
PCDH15	0.027	0.009	0.018	0.000	NA	NA	0.2748453120	0.027	0.009	0.018	0.000
F10	0.003	0.003	0.000	0.000	NA	NA	0.2515692128	0.003	0.003	0.000	0.000
PDGFD	0.006	0.006	0.000	0.000	NA	NA	0.2503470193	0.006	0.006	0.000	0.000
SP1	0.003	0.003	0.000	0.000	NA	NA	0.2399937942	0.003	0.003	0.000	0.000
ITGAV	0.003	0.003	0.000	0.000	NA	NA	0.2343906544	0.003	0.003	0.000	0.000
FAT2	0.027	0.027	0.000	0.000	NA	NA	0.2338181424	0.027	0.027	0.000	0.000
CCNF	0.003	0.000	0.000	0.003	NA	NA	0.2313494266	0.003	0.000	0.000	0.003
GABRQ	0.003	0.003	0.000	0.000	NA	NA	0.2205415617	0.003	0.003	0.000	0.000
PCDHA8	0.012	0.000	0.003	0.009	NA	NA	0.2112385102	0.012	0.000	0.003	0.009
ERCC6L	0.006	0.006	0.000	0.000	NA	NA	0.2041896400	0.006	0.006	0.000	0.000
CELSR1	0.015	0.009	0.006	0.000	NA	NA	0.1886840374	0.015	0.009	0.006	0.000
CDH9	0.021	0.021	0.000	0.000	NA	NA	0.1850660869	0.021	0.021	0.000	0.000
RAF1	0.003	0.003	0.000	0.000	NA	NA	0.1624852066	0.003	0.003	0.000	0.000
NKX3-2	0.003	0.003	0.000	0.000	NA	NA	0.1494040502	0.006	0.006	0.000	0.000
PCDH19	0.018	0.018	0.000	0.000	NA	NA	0.1469052227	0.018	0.018	0.000	0.000
PCDH9	0.015	0.012	0.003	0.000	NA	NA	0.1400004083	0.015	0.012	0.003	0.000
CD1C	0.003	0.000	0.000	0.003	NA	NA	0.1277856859	0.006	0.000	0.000	0.006
HLA-DOA	0.003	0.003	0.000	0.000	NA	NA	0.1137039040	0.003	0.003	0.000	0.000
GABBR2	0.003	0.003	0.000	0.000	NA	NA	0.0993916212	0.006	0.006	0.000	0.000
PCDH7	0.012	0.012	0.000	0.000	NA	NA	0.0944032134	0.012	0.012	0.000	0.000
CELSR3	0.012	0.012	0.000	0.000	NA	NA	0.0932472284	0.012	0.012	0.000	0.000
DCHS2	0.015	0.015	0.000	0.000	NA	NA	0.0926256043	0.015	0.015	0.000	0.000
PCDHB4	0.006	0.006	0.000	0.000	NA	NA	0.0916802722	0.006	0.006	0.000	0.000
TUBA4B	0.003	0.003	0.000	0.000	NA	NA	0.0893316128	0.003	0.003	0.000	0.000
MAP3K4	0.009	0.006	0.003	0.000	NA	NA	0.0864779714	0.009	0.006	0.003	0.000
PCDHB13	0.012	0.012	0.000	0.000	NA	NA	0.0863147125	0.012	0.012	0.000	0.000
GRASP	0.003	0.000	0.000	0.003	NA	NA	0.0805886466	0.003	0.000	0.000	0.003
HLF	0.003	0.003	0.000	0.000	NA	NA	0.0778092451	0.003	0.003	0.000	0.000
SNAPIN	0.003	0.000	0.000	0.003	NA	NA	0.0746922182	0.003	0.000	0.000	0.003
FZD10	0.003	0.000	0.003	0.000	NA	NA	0.0740888833	0.012	0.009	0.003	0.000
GLI2	0.003	0.003	0.000	0.000	NA	NA	0.0716404356	0.003	0.003	0.000	0.000
PFDN2	0.003	0.003	0.000	0.000	NA	NA	0.0635781158	0.003	0.003	0.000	0.000
SVEP1	0.012	0.012	0.000	0.000	NA	NA	0.0608765537	0.012	0.012	0.000	0.000
CSNK1G1	0.003	0.003	0.000	0.000	NA	NA	0.0604843855	0.003	0.003	0.000	0.000
PDIA2	0.003	0.003	0.000	0.000	NA	NA	0.0594450854	0.003	0.003	0.000	0.000
CACNA1H	0.009	0.000	0.009	0.000	NA	NA	0.0586423694	0.043	0.012	0.030	0.000
KLC2	0.003	0.003	0.000	0.000	NA	NA	0.0563059213	0.003	0.003	0.000	0.000
KCNB2	0.009	0.009	0.000	0.000	NA	NA	0.0522361734	0.015	0.015	0.000	0.000
PCDHB6	0.006	0.006	0.000	0.000	NA	NA	0.0509566111	0.006	0.006	0.000	0.000
CD97	0.003	0.003	0.000	0.000	NA	NA	0.0494103092	0.003	0.003	0.000	0.000
CACNA1C	0.009	0.009	0.000	0.000	NA	NA	0.0474647864	0.015	0.012	0.000	0.003
PCDHB2	0.003	0.003	0.000	0.000	NA	NA	0.0448320653	0.003	0.003	0.000	0.000
DCHS1	0.006	0.006	0.000	0.000	NA	NA	0.0432366363	0.006	0.006	0.000	0.000
CDH17	0.003	0.000	0.000	0.003	NA	NA	0.0416475467	0.003	0.000	0.000	0.003
SHANK3	0.006	0.006	0.000	0.000	NA	NA	0.0412031514	0.006	0.006	0.000	0.000
CDH19	0.006	0.006	0.000	0.000	NA	NA	0.0393357547	0.006	0.006	0.000	0.000
KCNB1	0.006	0.006	0.000	0.000	NA	NA	0.0392689965	0.006	0.006	0.000	0.000
RASSF5	0.003	0.003	0.000	0.003	NA	NA	0.0386672025	0.003	0.003	0.000	0.003
NCL	0.003	0.003	0.000	0.000	NA	NA	0.0376195280	0.003	0.003	0.000	0.000
KCNG1	0.006	0.006	0.000	0.000	NA	NA	0.0353482231	0.012	0.012	0.000	0.000
KCNV2	0.006	0.003	0.003	0.000	NA	NA	0.0351441106	0.012	0.003	0.009	0.000
SFI1	0.003	0.000	0.003	0.000	NA	NA	0.0349554456	0.012	0.006	0.006	0.000
CEP70	0.003	0.003	0.000	0.000	NA	NA	0.0347890124	0.009	0.006	0.000	0.003
LRP8	0.003	0.003	0.000	0.000	NA	NA	0.0343222840	0.003	0.003	0.000	0.000
HSPA8	0.006	0.006	0.000	0.000	NA	NA	0.0341667059	0.006	0.006	0.000	0.000
CDH20	0.003	0.000	0.003	0.000	NA	NA	0.0338475597	0.003	0.000	0.003	0.000
CDH8	0.006	0.003	0.000	0.003	NA	NA	0.0317755187	0.006	0.003	0.000	0.003
PSMA5	0.003	0.003	0.000	0.000	NA	NA	0.0296658764	0.003	0.003	0.000	0.000
NID1	0.003	0.003	0.000	0.000	NA	NA	0.0292696094	0.003	0.003	0.000	0.000
CACNA1S	0.003	0.000	0.000	0.003	NA	NA	0.0288056888	0.027	0.024	0.000	0.003
BMPR1B	0.003	0.000	0.000	0.003	NA	NA	0.0280143007	0.003	0.000	0.000	0.003
CDH4	0.003	0.003	0.000	0.000	NA	NA	0.0278777227	0.003	0.003	0.000	0.000
RAD21	0.003	0.003	0.000	0.000	NA	NA	0.0276999674	0.003	0.003	0.000	0.000
KIFC3	0.003	0.003	0.000	0.000	NA	NA	0.0265247826	0.003	0.003	0.000	0.000
CDH13	0.006	0.006	0.000	0.000	NA	NA	0.0259901708	0.006	0.006	0.000	0.000
KCNA4	0.006	0.006	0.000	0.000	NA	NA	0.0238720588	0.006	0.006	0.000	0.000
DLG1	0.003	0.003	0.000	0.000	NA	NA	0.0229314593	0.003	0.003	0.000	0.000
EEF1A1	0.006	0.006	0.000	0.000	NA	NA	0.0228063695	0.012	0.012	0.000	0.000
CELSR2	0.003	0.003	0.000	0.000	NA	NA	0.0211488502	0.003	0.003	0.000	0.000
KIF15	0.003	0.003	0.000	0.000	NA	NA	0.0208910437	0.003	0.003	0.000	0.000
ACVR1B	0.003	0.000	0.000	0.003	NA	NA	0.0206765572	0.003	0.000	0.000	0.003
CDH22	0.003	0.003	0.000	0.000	NA	NA	0.0202658472	0.003	0.003	0.000	0.000
TRAM2	0.003	0.000	0.003	0.000	NA	NA	0.0193752502	0.003	0.000	0.003	0.000
S100A8	0.003	0.003	0.000	0.000	NA	NA	0.0192620416	0.009	0.006	0.000	0.003
SSRP1	0.003	0.003	0.000	0.000	NA	NA	0.0190126100	0.003	0.003	0.000	0.000
PCDH24	0.003	0.000	0.000	0.003	NA	NA	0.0190117301	0.003	0.000	0.000	0.003
ADCY6	0.003	0.000	0.000	0.003	NA	NA	0.0181559377	0.015	0.006	0.003	0.006
IL32	0.003	0.003	0.000	0.000	NA	NA	0.0180422160	0.003	0.003	0.000	0.000
ITGB2	0.003	0.003	0.000	0.000	NA	NA	0.0179719382	0.012	0.012	0.000	0.000
XIAP	0.003	0.000	0.003	0.000	NA	NA	0.0177388784	0.003	0.000	0.003	0.000
PIK3R5	0.003	0.003	0.000	0.000	NA	NA	0.0172196024	0.003	0.003	0.000	0.000
TPX2	0.003	0.003	0.000	0.000	NA	NA	0.0172139865	0.003	0.003	0.000	0.000
ELAVL2	0.003	0.000	0.003	0.000	NA	NA	0.0170149263	0.143	0.006	0.137	0.000
ELAVL1	0.003	0.003	0.000	0.000	NA	NA	0.0169776610	0.003	0.003	0.000	0.000
MCM7	0.003	0.003	0.000	0.000	NA	NA	0.0168468036	0.012	0.006	0.000	0.006
CACNA1G	0.003	0.003	0.000	0.000	NA	NA	0.0163129304	0.003	0.003	0.000	0.000
PIP5K1C	0.003	0.003	0.000	0.000	NA	NA	0.0158176824	0.003	0.003	0.000	0.000
CUGBP2	0.003	0.000	0.000	0.003	NA	NA	0.0153343072	0.012	0.000	0.009	0.003
NXF1	0.003	0.003	0.000	0.000	NA	NA	0.0152917033	0.003	0.003	0.000	0.000
DOCK1	0.003	0.003	0.000	0.000	NA	NA	0.0130559898	0.030	0.012	0.018	0.000
KCNJ4	0.003	0.000	0.003	0.000	NA	NA	0.0116077488	0.003	0.000	0.003	0.000
PPP3CB	0.003	0.003	0.000	0.000	NA	NA	0.0115409177	0.024	0.003	0.021	0.000
PCDH11X	0.003	0.003	0.000	0.000	NA	NA	0.0112017069	0.024	0.024	0.000	0.000
DYRK1B	0.003	0.000	0.000	0.003	NA	NA	0.0111106833	0.003	0.000	0.000	0.003
NLRP12	0.003	0.003	0.000	0.000	NA	NA	0.0109014609	0.021	0.021	0.000	0.000
FZD4	0.003	0.000	0.000	0.003	NA	NA	0.0105515805	0.003	0.000	0.000	0.003
IKBKE	0.003	0.000	0.000	0.003	NA	NA	0.0103762957	0.003	0.000	0.000	0.003
CIITA	0.003	0.003	0.000	0.000	NA	NA	0.0102376976	0.006	0.006	0.000	0.000
MYOD1	0.003	0.003	0.000	0.000	NA	NA	0.0096834190	0.003	0.003	0.000	0.000
CTBP1	0.003	0.000	0.003	0.000	NA	NA	0.0095539867	0.006	0.000	0.006	0.000
P2RX2	0.003	0.003	0.000	0.000	NA	NA	0.0093920111	0.003	0.003	0.000	0.000
PPARG	0.003	0.003	0.000	0.000	NA	NA	0.0093263629	0.003	0.003	0.000	0.000
RBBP4	0.003	0.003	0.000	0.000	NA	NA	0.0092356306	0.003	0.003	0.000	0.000
VASP	0.003	0.003	0.000	0.000	NA	NA	0.0092256915	0.003	0.003	0.000	0.000
ZNF274	0.003	0.003	0.000	0.000	NA	NA	0.0089562203	0.006	0.006	0.000	0.000
TLE2	0.003	0.003	0.000	0.000	NA	NA	0.0087230625	0.006	0.006	0.000	0.000
S100A12	0.003	0.000	0.000	0.003	NA	NA	0.0087141554	0.003	0.000	0.000	0.003
POLA1	0.003	0.003	0.000	0.000	NA	NA	0.0085624440	0.003	0.003	0.000	0.000
MRE11A	0.003	0.003	0.000	0.000	NA	NA	0.0084287309	0.003	0.003	0.000	0.000
GNA15	0.003	0.003	0.000	0.000	NA	NA	0.0082656174	0.003	0.003	0.000	0.000
TRPV6	0.003	0.003	0.000	0.000	NA	NA	0.0081587997	0.024	0.021	0.000	0.006
IL12B	0.003	0.003	0.000	0.000	NA	NA	0.0079021338	0.003	0.003	0.000	0.000
MYBL1	0.003	0.003	0.000	0.000	NA	NA	0.0077868012	0.003	0.003	0.000	0.000
CUBN	0.000	0.000	0.000	0.000	NA	NA	0.0000000000	0.024	0.012	0.009	0.003
RELN	0.000	0.000	0.000	0.000	NA	NA	0.0000000000	0.046	0.040	0.000	0.006
DSP	0.000	0.000	0.000	0.000	NA	NA	0.0000000000	0.030	0.030	0.000	0.000
GRM5	0.000	0.000	0.000	0.000	NA	NA	0.0000000000	0.012	0.009	0.000	0.003
NEFH	0.000	0.000	0.000	0.000	NA	NA	0.0000000000	0.006	0.006	0.000	0.000
APOB	0.000	0.000	0.000	0.000	NA	NA	0.0000000000	0.040	0.036	0.000	0.003
GRID2	0.000	0.000	0.000	0.000	NA	NA	0.0000000000	0.006	0.006	0.000	0.000
CHEK2	0.000	0.000	0.000	0.000	NA	NA	0.0000000000	0.024	0.024	0.000	0.000
KLHL9	0.000	0.000	0.000	0.000	NA	NA	0.0000000000	0.228	0.000	0.228	0.000
SYNJ2	0.000	0.000	0.000	0.000	NA	NA	0.0000000000	0.009	0.009	0.000	0.000
RYR3	0.000	0.000	0.000	0.000	NA	NA	0.0000000000	0.052	0.049	0.003	0.000
IGFBP7	0.000	0.000	0.000	0.000	NA	NA	0.0000000000	0.015	0.000	0.003	0.012
ITGAX	0.000	0.000	0.000	0.000	NA	NA	0.0000000000	0.018	0.018	0.000	0.000
CCL3L1	0.000	0.000	0.000	0.000	NA	NA	0.0000000000	0.021	0.000	0.009	0.012
RERE	0.000	0.000	0.000	0.000	NA	NA	0.0000000000	0.027	0.018	0.009	0.000
GABRA4	0.000	0.000	0.000	0.000	NA	NA	0.0000000000	0.012	0.012	0.000	0.000
CDH18	0.000	0.000	0.000	0.000	NA	NA	0.0000000000	0.027	0.027	0.000	0.000
CCT6A	0.000	0.000	0.000	0.000	NA	NA	0.0000000000	0.082	0.000	0.000	0.082
LILRB3	0.000	0.000	0.000	0.000	NA	NA	0.0000000000	0.012	0.009	0.000	0.003
FRYL	0.000	0.000	0.000	0.000	NA	NA	0.0000000000	0.009	0.009	0.000	0.000
KCNH1	0.000	0.000	0.000	0.000	NA	NA	0.0000000000	0.012	0.009	0.003	0.000
CD79B	0.000	0.000	0.000	0.000	NA	NA	0.0000000000	0.006	0.000	0.006	0.000
DNM1L	0.000	0.000	0.000	0.000	NA	NA	0.0000000000	0.009	0.000	0.003	0.006
FOXG1	0.000	0.000	0.000	0.000	NA	NA	0.0000000000	0.009	0.009	0.000	0.000
KCNS3	0.000	0.000	0.000	0.000	NA	NA	0.0000000000	0.009	0.003	0.000	0.006
ADCY2	0.000	0.000	0.000	0.000	NA	NA	0.0000000000	0.009	0.009	0.000	0.000
BCLAF1	0.000	0.000	0.000	0.000	NA	NA	0.0000000000	0.015	0.015	0.000	0.000
DACH1	0.000	0.000	0.000	0.000	NA	NA	0.0000000000	0.006	0.003	0.003	0.000
DDIT3	0.000	0.000	0.000	0.000	NA	NA	0.0000000000	0.073	0.003	0.003	0.067
DMD	0.000	0.000	0.000	0.000	NA	NA	0.0000000000	0.040	0.033	0.003	0.003
HOXA9	0.000	0.000	0.000	0.000	NA	NA	0.0000000000	0.015	0.003	0.000	0.012
KDR	0.000	0.000	0.000	0.000	NA	NA	0.0000000000	0.064	0.027	0.000	0.040
KIR3DL2	0.000	0.000	0.000	0.000	NA	NA	0.0000000000	0.018	0.015	0.003	0.000
MACF1	0.000	0.000	0.000	0.000	NA	NA	0.0000000000	0.024	0.024	0.000	0.000
MAG	0.000	0.000	0.000	0.000	NA	NA	0.0000000000	0.009	0.009	0.000	0.000
RECQL5	0.000	0.000	0.000	0.000	NA	NA	0.0000000000	0.012	0.009	0.000	0.003
SLIT3	0.000	0.000	0.000	0.000	NA	NA	0.0000000000	0.030	0.030	0.000	0.000
TES	0.000	0.000	0.000	0.000	NA	NA	0.0000000000	0.018	0.006	0.000	0.012
XRCC2	0.000	0.000	0.000	0.000	NA	NA	0.0000000000	0.018	0.000	0.003	0.015
ADCY5	0.000	0.000	0.000	0.000	NA	NA	0.0000000000	0.018	0.018	0.000	0.000
ADCY9	0.000	0.000	0.000	0.000	NA	NA	0.0000000000	0.009	0.009	0.000	0.000
AHR	0.000	0.000	0.000	0.000	NA	NA	0.0000000000	0.021	0.012	0.000	0.009
CTDSP2	0.000	0.000	0.000	0.000	NA	NA	0.0000000000	0.094	0.003	0.000	0.091
DLG4	0.000	0.000	0.000	0.000	NA	NA	0.0000000000	0.009	0.009	0.000	0.000
FCER1A	0.000	0.000	0.000	0.000	NA	NA	0.0000000000	0.006	0.006	0.000	0.000
FOXO3	0.000	0.000	0.000	0.000	NA	NA	0.0000000000	0.009	0.003	0.003	0.003
GLIS1	0.000	0.000	0.000	0.000	NA	NA	0.0000000000	0.009	0.009	0.000	0.000
GRB10	0.000	0.000	0.000	0.000	NA	NA	0.0000000000	0.027	0.006	0.000	0.021
HMHA1	0.000	0.000	0.000	0.000	NA	NA	0.0000000000	0.009	0.006	0.003	0.000
HNRNPH3	0.000	0.000	0.000	0.000	NA	NA	0.0000000000	0.021	0.003	0.018	0.000
HOXA2	0.000	0.000	0.000	0.000	NA	NA	0.0000000000	0.015	0.003	0.000	0.012
INSR	0.000	0.000	0.000	0.000	NA	NA	0.0000000000	0.006	0.006	0.000	0.000
KCNV1	0.000	0.000	0.000	0.000	NA	NA	0.0000000000	0.009	0.006	0.000	0.003
KIF5A	0.000	0.000	0.000	0.000	NA	NA	0.0000000000	0.064	0.000	0.003	0.061
MAPK8IP1	0.000	0.000	0.000	0.000	NA	NA	0.0000000000	0.006	0.003	0.003	0.000
NAP1L1	0.000	0.000	0.000	0.000	NA	NA	0.0000000000	0.009	0.003	0.000	0.006
NOD1	0.000	0.000	0.000	0.000	NA	NA	0.0000000000	0.021	0.006	0.000	0.015
PAPPA2	0.000	0.000	0.000	0.000	NA	NA	0.0000000000	0.018	0.018	0.000	0.000
PCDHB5	0.000	0.000	0.000	0.000	NA	NA	0.0000000000	0.006	0.006	0.000	0.000
PLCZ1	0.000	0.000	0.000	0.000	NA	NA	0.0000000000	0.009	0.003	0.003	0.003
PPP2R1B	0.000	0.000	0.000	0.000	NA	NA	0.0000000000	0.006	0.006	0.000	0.000
PTBP1	0.000	0.000	0.000	0.000	NA	NA	0.0000000000	0.009	0.003	0.003	0.003
PTPRM	0.000	0.000	0.000	0.000	NA	NA	0.0000000000	0.009	0.009	0.000	0.000
RBMX	0.000	0.000	0.000	0.000	NA	NA	0.0000000000	0.009	0.006	0.000	0.003
SEC61A2	0.000	0.000	0.000	0.000	NA	NA	0.0000000000	0.012	0.000	0.009	0.003
SGCB	0.000	0.000	0.000	0.000	NA	NA	0.0000000000	0.024	0.000	0.000	0.024
SMC3	0.000	0.000	0.000	0.000	NA	NA	0.0000000000	0.024	0.009	0.015	0.000
SRP54	0.000	0.000	0.000	0.000	NA	NA	0.0000000000	0.006	0.006	0.000	0.000
SRPR	0.000	0.000	0.000	0.000	NA	NA	0.0000000000	0.006	0.006	0.000	0.000
TCF12	0.000	0.000	0.000	0.000	NA	NA	0.0000000000	0.012	0.012	0.000	0.000
TFAP2B	0.000	0.000	0.000	0.000	NA	NA	0.0000000000	0.006	0.003	0.003	0.000
TUBA3C	0.000	0.000	0.000	0.000	NA	NA	0.0000000000	0.012	0.012	0.000	0.000
VEGFA	0.000	0.000	0.000	0.000	NA	NA	0.0000000000	0.012	0.006	0.000	0.006
WEE2	0.000	0.000	0.000	0.000	NA	NA	0.0000000000	0.015	0.006	0.000	0.009
