GENE	TYPE	SAMPLE_IMPACT	DATA_SET_IMPACT	DRIVER_FREQUENCY	MUTATION_FREQUENCY	CANCER_CENSUS	PAN_CANCER
ARHGAP5	MUT	135.670	2.051	0.009	0.009	NA	NA
ATR	MUT	135.670	10.487	0.018	0.018	NA	NA
CDKN2A	DEL	135.670	193.770	0.454	0.470	NA	NA
CENPE	MUT	135.670	5.115	0.009	0.009	NA	NA
CDKN2B	DEL	135.670	169.776	0.384	0.448	NA	NA
TP53	MUT	135.670	159.942	0.284	0.284	NA	NA
FGFR3	AMPL	135.670	8.868	0.015	0.015	NA	NA
PDZD2	MUT	135.670	0.422	0.006	0.009	NA	NA
PRKY	DEL	65.497	77.840	0.183	0.195	NA	NA
RIMS2	MUT	40.190	14.626	0.034	0.034	NA	NA
CTNNA1	MUT	12.960	0.040	0.003	0.003	NA	NA
PCDH11Y	DEL	12.960	29.250	0.189	0.198	NA	NA
PCDHAC2	MUT	12.960	13.228	0.101	0.101	NA	NA
ADCY2	MUT	12.701	3.567	0.009	0.009	NA	NA
CASP3	DEL	2.707	0.008	0.003	0.003	NA	NA
OSMR	MUT	2.700	0.008	0.003	0.009	NA	NA
