GENE	TYPE	SAMPLE_IMPACT	DATA_SET_IMPACT	DRIVER_FREQUENCY	MUTATION_FREQUENCY	CANCER_CENSUS	PAN_CANCER
CDKN2A	DEL	218.859	193.770	0.454	0.470	NA	NA
PTPN11	MUT	218.859	5.094	0.012	0.012	NA	NA
CDKN2B	DEL	218.859	169.776	0.384	0.448	NA	NA
COL6A3	MUT	218.859	17.046	0.034	0.034	NA	NA
NFATC2	MUT	218.859	1.865	0.006	0.006	NA	NA
PIK3CA	MUT	218.859	54.851	0.091	0.091	NA	NA
NOS3	MUT	218.859	18.116	0.027	0.027	NA	NA
RIMS2	MUT	218.859	14.626	0.034	0.034	NA	NA
PDYN	MUT	218.859	5.735	0.009	0.009	NA	NA
