GENE	TYPE	SAMPLE_IMPACT	DATA_SET_IMPACT	DRIVER_FREQUENCY	MUTATION_FREQUENCY	CANCER_CENSUS	PAN_CANCER
ARAP2	MUT	712.404	3.741	0.006	0.006	NA	NA
AXIN1	MUT	712.404	2.172	0.003	0.003	NA	NA
CACNA1S	MUT	712.404	10.534	0.021	0.027	NA	NA
COL14A1	MUT	712.404	6.012	0.015	0.015	NA	NA
EGFR	AMPL	712.404	212.540	0.393	0.393	NA	NA
ITGB4	MUT	712.404	5.335	0.012	0.012	NA	NA
PIK3R1	MUT	712.404	51.921	0.091	0.091	NA	NA
PTPRB	MUT	712.404	13.338	0.021	0.021	NA	NA
SMAD4	MUT	712.404	5.291	0.006	0.006	NA	NA
TTN	MUT	712.404	57.477	0.116	0.207	NA	NA
OPRM1	MUT	712.404	2.172	0.003	0.003	NA	NA
DMD	MUT	712.404	20.200	0.040	0.040	NA	NA
PREX1	MUT	712.404	5.228	0.012	0.015	NA	NA
CCT6A	AMPL	20.917	22.069	0.076	0.082	NA	NA
PHKG1	AMPL	8.059	11.889	0.064	0.079	NA	NA
PPP1R3A	MUT	8.059	0.033	0.006	0.027	NA	NA
FAT2	MUT	7.256	0.235	0.027	0.027	NA	NA
PCDH19	MUT	7.256	0.147	0.018	0.018	NA	NA
POLA1	MUT	2.817	0.009	0.003	0.003	NA	NA
OASL	MUT	2.646	0.027	0.006	0.006	NA	NA
ZNF713	AMPL	2.521	7.096	0.076	0.116	NA	NA
ZNF786	MUT	2.521	8.460	0.018	0.018	NA	NA
