GENE	TYPE	SAMPLE_IMPACT	DATA_SET_IMPACT	DRIVER_FREQUENCY	MUTATION_FREQUENCY	CANCER_CENSUS	PAN_CANCER
CASP1	MUT	305.417	0.931	0.003	0.009	NA	NA
COL1A2	MUT	305.417	25.695	0.043	0.043	NA	NA
EGFR	AMPL_MUT	305.417	212.540	0.393	0.393	NA	NA
ITGB2	MUT	305.417	1.135	0.009	0.012	NA	NA
PIK3CA	MUT	305.417	54.851	0.091	0.091	NA	NA
PRKY	DEL	305.417	77.840	0.183	0.195	NA	NA
RIMS2	MUT	305.417	14.626	0.034	0.034	NA	NA
HGF	MUT	305.417	10.934	0.018	0.018	NA	NA
CDKN2A	DEL	305.417	193.770	0.454	0.470	NA	NA
CDKN2B	DEL	305.417	169.776	0.384	0.448	NA	NA
S1PR3	MUT	305.417	5.029	0.006	0.006	NA	NA
CCT6A	AMPL	22.577	22.069	0.076	0.082	NA	NA
NOTCH2	MUT	9.027	1.359	0.009	0.009	NA	NA
HLA-DRB1	AMPL	7.260	94.991	0.189	0.189	NA	NA
PHKG1	AMPL	6.163	11.889	0.064	0.079	NA	NA
PCDH11Y	DEL	3.835	29.250	0.189	0.198	NA	NA
CHL1	MUT	3.538	5.221	0.015	0.021	NA	NA
