GENE	TYPE	SAMPLE_IMPACT	DATA_SET_IMPACT	DRIVER_FREQUENCY	MUTATION_FREQUENCY	CANCER_CENSUS	PAN_CANCER
CDKN2A	DEL	999.152	193.770	0.454	0.470	NA	NA
EGFR	AMPL_MUT	999.152	212.540	0.393	0.393	NA	NA
IKBKB	MUT	999.152	3.046	0.003	0.003	NA	NA
ITGA11	MUT	999.152	3.046	0.003	0.003	NA	NA
SRPK1	MUT	999.152	5.868	0.009	0.009	NA	NA
MYH13	MUT	999.152	3.054	0.006	0.018	NA	NA
RIMS2	MUT	999.152	14.626	0.034	0.034	NA	NA
KDR	MUT	999.152	27.837	0.061	0.064	NA	NA
CDKN2B	DEL	999.152	169.776	0.384	0.448	NA	NA
GRIN2A	MUT	999.152	17.163	0.024	0.024	NA	NA
WNT10A	MUT	999.152	3.130	0.006	0.006	NA	NA
PRKY	DEL	999.152	77.840	0.183	0.195	NA	NA
SHB	MUT	999.152	5.424	0.012	0.012	NA	NA
ITPR2	MUT	999.152	6.663	0.009	0.018	NA	NA
SEC61G	AMPL	24.922	60.025	0.177	0.317	NA	NA
PCDH11Y	DEL	12.051	29.250	0.189	0.198	NA	NA
OTX2	MUT	8.890	0.027	0.003	0.006	NA	NA
TNXB	MUT	4.382	0.040	0.009	0.009	NA	NA
RPS4Y1	DEL	2.556	4.989	0.030	0.192	NA	NA
